date,n_records,source
2021-11-12,291,csv_daily
2021-11-13,291,csv_daily
2021-11-14,291,csv_daily
2021-11-15,291,csv_daily
2021-11-16,291,csv_daily
2021-11-17,291,csv_daily
2021-11-18,291,csv_daily
2021-11-19,291,csv_daily
2021-11-20,291,csv_daily
2021-11-21,291,csv_daily
2021-11-22,291,csv_daily
2021-11-23,291,csv_daily
2021-11-24,291,csv_daily
2021-11-25,291,csv_daily
2021-11-26,291,csv_daily
2021-11-27,291,csv_daily
2021-11-28,291,csv_daily
2021-11-29,291,csv_daily
2021-11-30,291,csv_daily
2021-12-01,296,csv_daily
2021-12-02,296,csv_daily
2021-12-03,296,csv_daily
2021-12-04,296,csv_daily
2021-12-05,296,csv_daily
2021-12-06,296,csv_daily
2021-12-07,296,csv_daily
2021-12-08,296,csv_daily
2021-12-09,296,csv_daily
2021-12-10,296,csv_daily
2021-12-11,309,csv_daily
2021-12-12,309,csv_daily
2021-12-13,309,csv_daily
2021-12-14,309,csv_daily
2021-12-15,311,csv_daily
2021-12-16,311,csv_daily
2021-12-17,311,csv_daily
2021-12-18,311,csv_daily
2021-12-19,311,csv_daily
2021-12-20,311,csv_daily
2021-12-21,311,csv_daily
2021-12-22,311,csv_daily
2021-12-23,311,csv_daily
2021-12-24,311,csv_daily
2021-12-25,311,csv_daily
2021-12-26,311,csv_daily
2021-12-27,311,csv_daily
2021-12-28,311,csv_daily
2021-12-29,311,csv_daily
2021-12-30,311,csv_daily
2021-12-31,311,csv_daily
2022-01-01,311,csv_daily
2022-01-02,311,csv_daily
2022-01-03,311,csv_daily
2022-01-04,311,csv_daily
2022-01-05,311,csv_daily
2022-01-06,311,csv_daily
2022-01-07,311,csv_daily
2022-01-08,311,csv_daily
2022-01-09,311,csv_daily
2022-01-10,326,csv_daily
2022-01-11,326,csv_daily
2022-01-12,326,csv_daily
2022-01-13,326,csv_daily
2022-01-14,326,csv_daily
2022-01-15,326,csv_daily
2022-01-16,326,csv_daily
2022-01-17,326,csv_daily
2022-01-18,326,csv_daily
2022-01-19,339,csv_daily
2022-01-20,339,csv_daily
2022-01-21,339,csv_daily
2022-01-22,343,csv_daily
2022-01-23,343,csv_daily
2022-01-24,343,csv_daily
2022-01-25,343,csv_daily
2022-01-26,343,csv_daily
2022-01-27,343,csv_daily
2022-01-28,351,csv_daily
2022-01-29,351,csv_daily
2022-01-30,351,csv_daily
2022-01-31,351,csv_daily
2022-02-01,351,csv_daily
2022-02-02,351,csv_daily
2022-02-03,351,csv_daily
2022-02-04,352,csv_daily
2022-02-05,352,csv_daily
2022-02-06,352,csv_daily
2022-02-07,352,csv_daily
2022-02-08,352,csv_daily
2022-02-09,352,csv_daily
2022-02-10,352,csv_daily
2022-02-11,368,csv_daily
2022-02-12,368,csv_daily
2022-02-13,368,csv_daily
2022-02-14,368,csv_daily
2022-02-15,368,csv_daily
2022-02-16,377,csv_daily
2022-02-17,377,csv_daily
2022-02-18,377,csv_daily
2022-02-19,377,csv_daily
2022-02-20,377,csv_daily
2022-02-21,377,csv_daily
2022-02-22,377,csv_daily
2022-02-23,379,csv_daily
2022-02-24,379,csv_daily
2022-02-25,379,csv_daily
2022-02-26,383,csv_daily
2022-02-27,383,csv_daily
2022-02-28,383,csv_daily
2022-03-01,383,csv_daily
2022-03-02,383,csv_daily
2022-03-03,478,csv_daily
2022-03-04,478,csv_daily
2022-03-05,478,csv_daily
2022-03-06,478,csv_daily
2022-03-07,478,csv_daily
2022-03-08,489,csv_daily
2022-03-09,489,csv_daily
2022-03-10,489,csv_daily
2022-03-11,489,csv_daily
2022-03-12,489,csv_daily
2022-03-13,489,csv_daily
2022-03-14,489,csv_daily
2022-03-15,489,csv_daily
2022-03-16,504,csv_daily
2022-03-17,504,csv_daily
2022-03-18,504,csv_daily
2022-03-19,504,csv_daily
2022-03-20,504,csv_daily
2022-03-21,504,csv_daily
2022-03-22,504,csv_daily
2022-03-23,504,csv_daily
2022-03-24,504,csv_daily
2022-03-25,504,csv_daily
2022-03-26,570,csv_daily
2022-03-27,570,csv_daily
2022-03-28,570,csv_daily
2022-03-29,602,csv_daily
2022-03-30,602,csv_daily
2022-03-31,610,csv_daily
2022-04-01,609,csv_daily
2022-04-02,609,csv_daily
2022-04-03,609,csv_daily
2022-04-04,609,csv_daily
2022-04-05,613,csv_daily
2022-04-06,613,csv_daily
2022-04-07,616,csv_daily
2022-04-08,616,csv_daily
2022-04-09,616,csv_daily
2022-04-10,616,csv_daily
2022-04-11,616,csv_daily
2022-04-12,624,csv_daily
2022-04-13,634,csv_daily
2022-04-14,635,csv_daily
2022-04-15,644,csv_daily
2022-04-16,644,csv_daily
2022-04-17,644,csv_daily
2022-04-18,644,csv_daily
2022-04-19,644,csv_daily
2022-04-20,647,csv_daily
2022-04-21,647,csv_daily
2022-04-22,647,csv_daily
2022-04-23,647,csv_daily
2022-04-24,647,csv_daily
2022-04-25,647,csv_daily
2022-04-26,654,csv_daily
2022-04-27,654,csv_daily
2022-04-28,654,csv_daily
2022-04-29,654,csv_daily
2022-04-30,654,csv_daily
2022-05-01,654,csv_daily
2022-05-02,654,csv_daily
2022-05-03,654,csv_daily
2022-05-04,659,csv_daily
2022-05-05,659,csv_daily
2022-05-06,659,csv_daily
2022-05-07,659,csv_daily
2022-05-08,659,csv_daily
2022-05-09,659,csv_daily
2022-05-10,659,csv_daily
2022-05-11,661,csv_daily
2022-05-12,661,csv_daily
2022-05-13,661,csv_daily
2022-05-14,660,csv_daily
2022-05-15,660,csv_daily
2022-05-16,660,csv_daily
2022-05-17,662,csv_daily
2022-05-18,662,csv_daily
2022-05-19,662,csv_daily
2022-05-20,662,csv_daily
2022-05-21,662,csv_daily
2022-05-22,662,csv_daily
2022-05-23,683,csv_daily
2022-05-24,703,csv_daily
2022-05-25,737,csv_daily
2022-05-26,737,csv_daily
2022-05-27,737,csv_daily
2022-05-28,737,csv_daily
2022-05-29,737,csv_daily
2022-05-30,737,csv_daily
2022-05-31,737,csv_daily
2022-06-01,737,csv_daily
2022-06-02,737,csv_daily
2022-06-03,738,csv_daily
2022-06-04,738,csv_daily
2022-06-05,738,csv_daily
2022-06-06,738,csv_daily
2022-06-07,738,csv_daily
2022-06-08,774,csv_daily
2022-06-09,777,csv_daily
2022-06-10,777,csv_daily
2022-06-11,777,csv_daily
2022-06-12,777,csv_daily
2022-06-13,777,csv_daily
2022-06-14,777,csv_daily
2022-06-15,778,csv_daily
2022-06-16,778,csv_daily
2022-06-17,778,csv_daily
2022-06-18,778,csv_daily
2022-06-19,778,csv_daily
2022-06-20,778,csv_daily
2022-06-21,778,csv_daily
2022-06-22,778,csv_daily
2022-06-23,778,csv_daily
2022-06-24,778,csv_daily
2022-06-25,778,csv_daily
2022-06-26,778,csv_daily
2022-06-27,786,csv_daily
2022-06-28,786,csv_daily
2022-06-29,786,csv_daily
2022-06-30,786,csv_daily
2022-07-01,787,csv_daily
2022-07-02,787,csv_daily
2022-07-03,787,csv_daily
2022-07-04,787,csv_daily
2022-07-05,787,csv_daily
2022-07-06,787,csv_daily
2022-07-07,787,csv_daily
2022-07-08,787,csv_daily
2022-07-09,787,csv_daily
2022-07-10,787,csv_daily
2022-07-11,787,csv_daily
2022-07-12,787,csv_daily
2022-07-13,788,csv_daily
2022-07-14,788,csv_daily
2022-07-15,788,csv_daily
2022-07-16,788,csv_daily
2022-07-17,788,csv_daily
2022-07-18,788,csv_daily
2022-07-19,788,csv_daily
2022-07-20,788,csv_daily
2022-07-21,788,csv_daily
2022-07-22,788,csv_daily
2022-07-23,788,csv_daily
2022-07-24,788,csv_daily
2022-07-25,788,csv_daily
2022-07-26,788,csv_daily
2022-07-27,788,csv_daily
2022-07-28,788,csv_daily
2022-07-29,789,csv_daily
2022-07-30,789,csv_daily
2022-07-31,789,csv_daily
2022-08-01,789,csv_daily
2022-08-02,789,csv_daily
2022-08-03,789,csv_daily
2022-08-04,789,csv_daily
2022-08-05,790,csv_daily
2022-08-06,790,csv_daily
2022-08-07,790,csv_daily
2022-08-08,790,csv_daily
2022-08-09,792,csv_daily
2022-08-10,792,csv_daily
2022-08-11,794,csv_daily
2022-08-12,794,csv_daily
2022-08-13,794,csv_daily
2022-08-14,794,csv_daily
2022-08-15,794,csv_daily
2022-08-16,794,csv_daily
2022-08-17,794,csv_daily
2022-08-18,794,csv_daily
2022-08-19,801,csv_daily
2022-08-20,801,csv_daily
2022-08-21,801,csv_daily
2022-08-22,802,csv_daily
2022-08-23,802,csv_daily
2022-08-24,802,csv_daily
2022-08-25,812,csv_daily
2022-08-26,812,csv_daily
2022-08-27,812,csv_daily
2022-08-28,812,csv_daily
2022-08-29,812,csv_daily
2022-08-30,812,csv_daily
2022-08-31,812,csv_daily
2022-09-01,812,csv_daily
2022-09-02,812,csv_daily
2022-09-03,812,csv_daily
2022-09-04,812,csv_daily
2022-09-05,812,csv_daily
2022-09-06,812,csv_daily
2022-09-07,812,csv_daily
2022-09-08,824,csv_daily
2022-09-09,824,csv_daily
2022-09-10,824,csv_daily
2022-09-11,824,csv_daily
2022-09-12,824,csv_daily
2022-09-13,824,csv_daily
2022-09-14,826,csv_daily
2022-09-15,826,csv_daily
2022-09-16,832,csv_daily
2022-09-17,832,csv_daily
2022-09-18,832,csv_daily
2022-09-19,832,csv_daily
2022-09-20,832,csv_daily
2022-09-21,832,csv_daily
2022-09-22,832,csv_daily
2022-09-23,833,csv_daily
2022-09-24,834,csv_daily
2022-09-25,834,csv_daily
2022-09-26,834,csv_daily
2022-09-27,834,csv_daily
2022-09-28,834,csv_daily
2022-09-29,834,csv_daily
2022-09-30,837,csv_daily
2022-10-01,837,csv_daily
2022-10-02,837,csv_daily
2022-10-03,837,csv_daily
2022-10-04,837,csv_daily
2022-10-05,837,csv_daily
2022-10-06,837,csv_daily
2022-10-07,837,csv_daily
2022-10-08,837,csv_daily
2022-10-09,837,csv_daily
2022-10-10,837,csv_daily
2022-10-11,838,csv_daily
2022-10-12,839,csv_daily
2022-10-13,839,csv_daily
2022-10-14,839,csv_daily
2022-10-15,839,csv_daily
2022-10-16,839,csv_daily
2022-10-17,839,csv_daily
2022-10-18,839,csv_daily
2022-10-19,839,csv_daily
2022-10-20,841,csv_daily
2022-10-21,841,csv_daily
2022-10-22,841,csv_daily
2022-10-23,841,csv_daily
2022-10-24,847,csv_daily
2022-10-25,848,csv_daily
2022-10-26,848,csv_daily
2022-10-27,848,csv_daily
2022-10-28,848,csv_daily
2022-10-29,849,csv_daily
2022-10-30,849,csv_daily
2022-10-31,849,csv_daily
2022-11-01,849,csv_daily
2022-11-02,849,csv_daily
2022-11-03,849,csv_daily
2022-11-04,849,csv_daily
2022-11-05,849,csv_daily
2022-11-06,849,csv_daily
2022-11-07,849,csv_daily
2022-11-08,849,csv_daily
2022-11-09,856,csv_daily
2022-11-10,856,csv_daily
2022-11-11,856,csv_daily
2022-11-12,856,csv_daily
2022-11-13,856,csv_daily
2022-11-14,856,csv_daily
2022-11-15,857,csv_daily
2022-11-16,857,csv_daily
2022-11-17,857,csv_daily
2022-11-18,857,csv_daily
2022-11-19,857,csv_daily
2022-11-20,857,csv_daily
2022-11-21,857,csv_daily
2022-11-22,857,csv_daily
2022-11-23,857,csv_daily
2022-11-24,857,csv_daily
2022-11-25,857,csv_daily
2022-11-26,857,csv_daily
2022-11-27,857,csv_daily
2022-11-28,857,csv_daily
2022-11-29,859,csv_daily
2022-11-30,859,csv_daily
2022-12-01,859,csv_daily
2022-12-02,859,csv_daily
2022-12-03,859,csv_daily
2022-12-04,859,csv_daily
2022-12-05,859,csv_daily
2022-12-06,860,csv_daily
2022-12-07,860,csv_daily
2022-12-08,860,csv_daily
2022-12-09,860,csv_daily
2022-12-10,860,csv_daily
2022-12-11,860,csv_daily
2022-12-12,860,csv_daily
2022-12-13,860,csv_daily
2022-12-14,865,csv_daily
2022-12-15,866,csv_daily
2022-12-16,866,csv_daily
2022-12-17,866,csv_daily
2022-12-18,866,csv_daily
2022-12-19,866,csv_daily
2022-12-20,866,csv_daily
2022-12-21,866,csv_daily
2022-12-22,866,csv_daily
2022-12-23,866,csv_daily
2022-12-24,866,csv_daily
2022-12-25,866,csv_daily
2022-12-26,866,csv_daily
2022-12-27,866,csv_daily
2022-12-28,866,csv_daily
2022-12-29,866,csv_daily
2022-12-30,868,csv_daily
2022-12-31,868,csv_daily
2023-01-01,868,csv_daily
2023-01-02,868,csv_daily
2023-01-03,868,csv_daily
2023-01-04,868,csv_daily
2023-01-05,868,csv_daily
2023-01-06,868,csv_daily
2023-01-07,868,csv_daily
2023-01-08,868,csv_daily
2023-01-09,868,csv_daily
2023-01-10,868,csv_daily
2023-01-11,870,csv_daily
2023-01-12,870,csv_daily
2023-01-13,870,csv_daily
2023-01-14,870,csv_daily
2023-01-15,870,csv_daily
2023-01-16,870,csv_daily
2023-01-17,870,csv_daily
2023-01-18,871,csv_daily
2023-01-19,871,csv_daily
2023-01-20,871,csv_daily
2023-01-21,871,csv_daily
2023-01-22,871,csv_daily
2023-01-23,872,csv_daily
2023-01-24,872,csv_daily
2023-01-25,872,csv_daily
2023-01-26,873,csv_daily
2023-01-27,873,csv_daily
2023-01-28,873,csv_daily
2023-01-29,873,csv_daily
2023-01-30,873,csv_daily
2023-01-31,873,csv_daily
2023-02-01,873,csv_daily
2023-02-02,875,csv_daily
2023-02-03,875,csv_daily
2023-02-04,875,csv_daily
2023-02-05,875,csv_daily
2023-02-06,875,csv_daily
2023-02-07,875,csv_daily
2023-02-08,875,csv_daily
2023-02-09,875,csv_daily
2023-02-10,878,csv_daily
2023-02-11,878,csv_daily
2023-02-12,878,csv_daily
2023-02-13,878,csv_daily
2023-02-14,878,csv_daily
2023-02-15,882,csv_daily
2023-02-16,883,csv_daily
2023-02-17,883,csv_daily
2023-02-18,883,csv_daily
2023-02-19,883,csv_daily
2023-02-20,883,csv_daily
2023-02-21,886,csv_daily
2023-02-22,886,csv_daily
2023-02-23,886,csv_daily
2023-02-24,886,csv_daily
2023-02-25,886,csv_daily
2023-02-26,886,csv_daily
2023-02-27,887,csv_daily
2023-02-28,887,csv_daily
2023-03-01,887,csv_daily
2023-03-02,887,csv_daily
2023-03-03,887,csv_daily
2023-03-04,887,csv_daily
2023-03-05,887,csv_daily
2023-03-06,887,csv_daily
2023-03-07,890,csv_daily
2023-03-08,890,csv_daily
2023-03-09,890,csv_daily
2023-03-10,892,csv_daily
2023-03-11,892,csv_daily
2023-03-12,892,csv_daily
2023-03-13,892,csv_daily
2023-03-14,895,csv_daily
2023-03-15,896,csv_daily
2023-03-16,896,csv_daily
2023-03-17,896,csv_daily
2023-03-18,896,csv_daily
2023-03-19,896,csv_daily
2023-03-20,896,csv_daily
2023-03-21,896,csv_daily
2023-03-22,896,csv_daily
2023-03-23,896,csv_daily
2023-03-24,896,csv_daily
2023-03-25,896,csv_daily
2023-03-26,896,csv_daily
2023-03-27,896,csv_daily
2023-03-28,896,csv_daily
2023-03-29,896,csv_daily
2023-03-30,906,csv_daily
2023-03-31,905,csv_daily
2023-04-01,905,csv_daily
2023-04-02,905,csv_daily
2023-04-03,906,csv_daily
2023-04-04,906,csv_daily
2023-04-05,906,csv_daily
2023-04-06,906,csv_daily
2023-04-07,911,csv_daily
2023-04-08,911,csv_daily
2023-04-09,911,csv_daily
2023-04-10,913,csv_daily
2023-04-11,914,csv_daily
2023-04-12,914,csv_daily
2023-04-13,916,csv_daily
2023-04-14,916,csv_daily
2023-04-15,916,csv_daily
2023-04-16,916,csv_daily
2023-04-17,918,csv_daily
2023-04-18,918,csv_daily
2023-04-19,919,csv_daily
2023-04-20,919,csv_daily
2023-04-21,922,csv_daily
2023-04-22,922,csv_daily
2023-04-23,922,csv_daily
2023-04-24,922,csv_daily
2023-04-25,922,csv_daily
2023-04-26,922,csv_daily
2023-04-27,922,csv_daily
2023-04-28,922,csv_daily
2023-04-29,922,csv_daily
2023-04-30,922,csv_daily
2023-05-01,925,csv_daily
2023-05-02,925,csv_daily
2023-05-03,925,csv_daily
2023-05-04,925,csv_daily
2023-05-05,925,csv_daily
2023-05-06,925,csv_daily
2023-05-07,925,csv_daily
2023-05-08,925,csv_daily
2023-05-09,925,csv_daily
2023-05-11,926,csv_daily
2023-05-12,933,csv_daily
2023-05-13,933,csv_daily
2023-05-14,933,csv_daily
2023-05-15,933,csv_daily
2023-05-16,933,csv_daily
2023-05-17,933,csv_daily
2023-05-18,933,csv_daily
2023-05-19,936,csv_daily
2023-05-20,936,csv_daily
2023-05-21,936,csv_daily
2023-05-22,939,csv_daily
2023-05-23,939,csv_daily
2023-05-24,939,csv_daily
2023-05-25,939,csv_daily
2023-05-26,940,csv_daily
2023-05-27,940,csv_daily
2023-05-28,940,csv_daily
2023-05-29,940,csv_daily
2023-05-30,940,csv_daily
2023-05-31,941,csv_daily
2023-06-01,941,csv_daily
2023-06-02,942,csv_daily
2023-06-03,942,csv_daily
2023-06-04,942,csv_daily
2023-06-05,944,csv_daily
2023-06-06,944,csv_daily
2023-06-07,944,csv_daily
2023-06-08,945,csv_daily
2023-06-09,945,csv_daily
2023-06-10,945,csv_daily
2023-06-11,945,csv_daily
2023-06-12,945,csv_daily
2023-06-13,946,csv_daily
2023-06-14,946,csv_daily
2023-06-15,946,csv_daily
2023-06-16,946,csv_daily
2023-06-17,946,csv_daily
2023-06-18,946,csv_daily
2023-06-19,946,csv_daily
2023-06-20,946,csv_daily
2023-06-21,946,csv_daily
2023-06-22,952,csv_daily
2023-06-23,957,csv_daily
2023-06-24,957,csv_daily
2023-06-25,957,csv_daily
2023-06-26,957,csv_daily
2023-06-27,957,csv_daily
2023-06-28,957,csv_daily
2023-06-29,965,csv_daily
2023-06-30,965,csv_daily
2023-07-01,965,csv_daily
2023-07-02,965,csv_daily
2023-07-03,965,csv_daily
2023-07-04,965,csv_daily
2023-07-05,965,csv_daily
2023-07-06,965,csv_daily
2023-07-07,966,csv_daily
2023-07-08,966,csv_daily
2023-07-09,966,csv_daily
2023-07-10,966,csv_daily
2023-07-11,971,csv_daily
2023-07-12,971,csv_daily
2023-07-13,973,csv_daily
2023-07-14,973,csv_daily
2023-07-15,973,csv_daily
2023-07-16,973,csv_daily
2023-07-17,973,csv_daily
2023-07-18,974,csv_daily
2023-07-19,975,csv_daily
2023-07-20,977,csv_daily
2023-07-21,977,csv_daily
2023-07-22,977,csv_daily
2023-07-23,977,csv_daily
2023-07-24,977,csv_daily
2023-07-25,978,csv_daily
2023-07-26,979,csv_daily
2023-07-27,980,csv_daily
2023-07-28,980,csv_daily
2023-07-29,980,csv_daily
2023-07-30,980,csv_daily
2023-07-31,981,csv_daily
2023-08-01,981,csv_daily
2023-08-02,981,csv_daily
2023-08-03,981,csv_daily
2023-08-04,981,csv_daily
2023-08-05,981,csv_daily
2023-08-06,981,csv_daily
2023-08-07,982,csv_daily
2023-08-08,982,csv_daily
2023-08-09,983,csv_daily
2023-08-10,983,csv_daily
2023-08-11,983,csv_daily
2023-08-12,983,csv_daily
2023-08-13,983,csv_daily
2023-08-14,983,csv_daily
2023-08-15,983,csv_daily
2023-08-16,984,csv_daily
2023-08-17,984,csv_daily
2023-08-18,984,csv_daily
2023-08-19,984,csv_daily
2023-08-20,984,csv_daily
2023-08-21,985,csv_daily
2023-08-22,987,csv_daily
2023-08-23,987,csv_daily
2023-08-24,989,csv_daily
2023-08-25,989,csv_daily
2023-08-26,989,csv_daily
2023-08-27,989,csv_daily
2023-08-28,989,csv_daily
2023-08-29,989,csv_daily
2023-08-30,989,csv_daily
2023-08-31,989,csv_daily
2023-09-01,989,csv_daily
2023-09-02,989,csv_daily
2023-09-03,989,csv_daily
2023-09-04,989,csv_daily
2023-09-05,989,csv_daily
2023-09-06,990,csv_daily
2023-09-07,990,csv_daily
2023-09-08,990,csv_daily
2023-09-09,990,csv_daily
2023-09-10,990,csv_daily
2023-09-11,992,csv_daily
2023-09-12,992,csv_daily
2023-09-13,997,csv_daily
2023-09-14,998,csv_daily
2023-09-15,998,csv_daily
2023-09-16,998,csv_daily
2023-09-17,998,csv_daily
2023-09-18,1006,csv_daily
2023-09-19,1007,csv_daily
2023-09-20,1007,csv_daily
2023-09-21,1008,csv_daily
2023-09-22,1008,csv_daily
2023-09-23,1008,csv_daily
2023-09-24,1008,csv_daily
2023-09-25,1011,csv_daily
2023-09-26,1011,csv_daily
2023-09-27,1011,csv_daily
2023-09-28,1012,csv_daily
2023-09-29,1012,csv_daily
2023-09-30,1012,csv_daily
2023-10-01,1012,csv_daily
2023-10-02,1013,csv_daily
2023-10-03,1014,csv_daily
2023-10-04,1011,csv_daily
2023-10-05,1014,csv_daily
2023-10-06,1014,csv_daily
2023-10-07,1014,csv_daily
2023-10-08,1014,csv_daily
2023-10-09,1014,csv_daily
2023-10-10,1014,csv_daily
2023-10-11,1019,csv_daily
2023-10-12,1019,csv_daily
2023-10-13,1019,csv_daily
2023-10-14,1019,csv_daily
2023-10-15,1019,csv_daily
2023-10-16,1019,csv_daily
2023-10-17,1020,csv_daily
2023-10-18,1021,csv_daily
2023-10-19,1022,csv_daily
2023-10-20,1022,csv_daily
2023-10-21,1022,csv_daily
2023-10-22,1022,csv_daily
2023-10-23,1022,csv_daily
2023-10-24,1022,csv_daily
2023-10-25,1022,csv_daily
2023-10-26,1023,csv_daily
2023-10-27,1023,csv_daily
2023-10-28,1023,csv_daily
2023-10-29,1023,csv_daily
2023-10-30,1023,csv_daily
2023-10-31,1023,csv_daily
2023-11-01,1025,csv_daily
2023-11-02,1026,csv_daily
2023-11-03,1026,csv_daily
2023-11-04,1026,csv_daily
2023-11-05,1026,csv_daily
2023-11-06,1026,csv_daily
2023-11-07,1027,csv_daily
2023-11-08,1028,csv_daily
2023-11-09,1028,csv_daily
2023-11-10,1028,csv_daily
2023-11-11,1028,csv_daily
2023-11-12,1028,csv_daily
2023-11-13,1034,csv_daily
2023-11-14,1034,csv_daily
2023-11-15,1037,csv_daily
2023-11-16,1040,csv_daily
2023-11-17,1040,csv_daily
2023-11-18,1040,csv_daily
2023-11-19,1040,csv_daily
2023-11-20,1040,csv_daily
2023-11-21,1041,csv_daily
2023-11-22,1041,csv_daily
2023-11-23,1041,csv_daily
2023-11-24,1041,csv_daily
2023-11-25,1041,csv_daily
2023-11-26,1041,csv_daily
2023-11-27,1041,csv_daily
2023-11-28,1041,csv_daily
2023-11-29,1041,csv_daily
2023-11-30,1043,csv_daily
2023-12-01,1042,csv_daily
2023-12-02,1042,csv_daily
2023-12-03,1042,csv_daily
2023-12-04,1044,csv_daily
2023-12-05,1048,csv_daily
2023-12-06,1048,csv_daily
2023-12-07,1050,csv_daily
2023-12-08,1050,csv_daily
2023-12-09,1050,csv_daily
2023-12-10,1050,csv_daily
2023-12-11,1051,csv_daily
2023-12-12,1051,csv_daily
2023-12-13,1051,csv_daily
2023-12-14,1051,csv_daily
2023-12-15,1051,csv_daily
2023-12-16,1051,csv_daily
2023-12-17,1051,csv_daily
2023-12-18,1051,csv_daily
2023-12-19,1051,csv_daily
2023-12-20,1051,csv_daily
2023-12-21,1053,csv_daily
2023-12-22,1053,csv_daily
2023-12-23,1053,csv_daily
2023-12-24,1053,csv_daily
2023-12-25,1053,csv_daily
2023-12-26,1053,csv_daily
2023-12-27,1053,csv_daily
2023-12-28,1053,csv_daily
2023-12-29,1053,csv_daily
2023-12-30,1053,csv_daily
2023-12-31,1053,csv_daily
2024-01-01,1053,csv_daily
2024-01-02,1053,csv_daily
2024-01-03,1055,csv_daily
2024-01-04,1055,csv_daily
2024-01-05,1055,csv_daily
2024-01-06,1055,csv_daily
2024-01-07,1055,csv_daily
2024-01-08,1061,csv_daily
2024-01-09,1061,csv_daily
2024-01-10,1062,csv_daily
2024-01-11,1064,csv_daily
2024-01-12,1064,csv_daily
2024-01-13,1064,csv_daily
2024-01-14,1064,csv_daily
2024-01-15,1064,csv_daily
2024-01-16,1065,csv_daily
2024-01-17,1068,csv_daily
2024-01-18,1068,csv_daily
2024-01-19,1069,csv_daily
2024-01-20,1069,csv_daily
2024-01-21,1069,csv_daily
2024-01-22,1070,csv_daily
2024-01-23,1071,csv_daily
2024-01-24,1072,csv_daily
2024-01-25,1072,csv_daily
2024-01-26,1072,csv_daily
2024-01-27,1072,csv_daily
2024-01-28,1072,csv_daily
2024-01-29,1072,csv_daily
2024-01-30,1072,csv_daily
2024-01-31,1073,csv_daily
2024-02-01,1074,csv_daily
2024-02-02,1074,csv_daily
2024-02-03,1074,csv_daily
2024-02-04,1074,csv_daily
2024-02-05,1074,csv_daily
2024-02-06,1075,csv_daily
2024-02-07,1075,csv_daily
2024-02-08,1075,csv_daily
2024-02-09,1075,csv_daily
2024-02-10,1076,csv_daily
2024-02-11,1076,csv_daily
2024-02-12,1077,csv_daily
2024-02-13,1077,csv_daily
2024-02-14,1079,csv_daily
2024-02-15,1079,csv_daily
2024-02-16,1081,csv_daily
2024-02-17,1081,csv_daily
2024-02-18,1081,csv_daily
2024-02-19,1081,csv_daily
2024-02-20,1081,csv_daily
2024-02-21,1081,csv_daily
2024-02-22,1082,csv_daily
2024-02-23,1082,csv_daily
2024-02-24,1082,csv_daily
2024-02-25,1082,csv_daily
2024-02-26,1082,csv_daily
2024-02-27,1082,csv_daily
2024-02-28,1082,csv_daily
2024-02-29,1083,csv_daily
2024-03-01,1083,csv_daily
2024-03-02,1083,csv_daily
2024-03-03,1083,csv_daily
2024-03-04,1084,csv_daily
2024-03-05,1086,csv_daily
2024-03-06,1088,csv_daily
2024-03-07,1088,csv_daily
2024-03-08,1089,csv_daily
2024-03-09,1089,csv_daily
2024-03-10,1089,csv_daily
2024-03-11,1089,csv_daily
2024-03-12,1089,csv_daily
2024-03-13,1089,csv_daily
2024-03-14,1089,csv_daily
2024-03-15,1089,csv_daily
2024-03-16,1089,csv_daily
2024-03-17,1089,csv_daily
2024-03-18,1089,csv_daily
2024-03-19,1089,csv_daily
2024-03-20,1089,csv_daily
2024-03-21,1089,csv_daily
2024-03-22,1089,csv_daily
2024-03-23,1089,csv_daily
2024-03-24,1089,csv_daily
2024-03-25,1092,csv_daily
2024-03-26,1093,csv_daily
2024-03-27,1093,csv_daily
2024-03-28,1093,csv_daily
2024-03-29,1093,csv_daily
2024-03-30,1093,csv_daily
2024-03-31,1093,csv_daily
2024-04-01,1093,csv_daily
2024-04-02,1093,csv_daily
2024-04-03,1093,csv_daily
2024-04-04,1095,csv_daily
2024-04-05,1095,csv_daily
2024-04-06,1095,csv_daily
2024-04-07,1095,csv_daily
2024-04-08,1095,csv_daily
2024-04-09,1095,csv_daily
2024-04-10,1095,csv_daily
2024-04-11,1095,csv_daily
2024-04-12,1098,csv_daily
2024-04-13,1098,csv_daily
2024-04-14,1098,csv_daily
2024-04-15,1098,csv_daily
2024-04-16,1098,csv_daily
2024-04-17,1098,csv_daily
2024-04-18,1098,csv_daily
2024-04-19,1098,csv_daily
2024-04-20,1098,csv_daily
2024-04-21,1098,csv_daily
2024-04-22,1098,csv_daily
2024-04-23,1099,csv_daily
2024-04-24,1102,csv_daily
2024-04-25,1102,csv_daily
2024-04-26,1102,csv_daily
2024-04-27,1102,csv_daily
2024-04-28,1102,csv_daily
2024-04-29,1102,csv_daily
2024-04-30,1102,csv_daily
2024-05-01,1104,csv_daily
2024-05-02,1104,csv_daily
2024-05-03,1104,csv_daily
2024-05-04,1104,csv_daily
2024-05-05,1104,csv_daily
2024-05-06,1104,csv_daily
2024-05-07,1104,csv_daily
2024-05-08,1104,csv_daily
2024-05-09,1104,csv_daily
2024-05-10,1104,csv_daily
2024-05-11,1104,csv_daily
2024-05-12,1104,csv_daily
2024-05-13,1105,csv_daily
2024-05-14,1105,csv_daily
2024-05-15,1107,csv_daily
2024-05-16,1110,csv_daily
2024-05-17,1110,csv_daily
2024-05-18,1110,csv_daily
2024-05-19,1110,csv_daily
2024-05-20,1112,csv_daily
2024-05-21,1112,csv_daily
2024-05-22,1112,csv_daily
2024-05-23,1113,csv_daily
2024-05-24,1113,csv_daily
2024-05-25,1113,csv_daily
2024-05-26,1113,csv_daily
2024-05-27,1113,csv_daily
2024-05-28,1114,csv_daily
2024-05-29,1115,csv_daily
2024-05-30,1117,csv_daily
2024-05-31,1117,csv_daily
2024-06-01,1117,csv_daily
2024-06-02,1117,csv_daily
2024-06-03,1118,csv_daily
2024-06-04,1118,csv_daily
2024-06-05,1118,csv_daily
2024-06-06,1118,csv_daily
2024-06-07,1118,csv_daily
2024-06-08,1118,csv_daily
2024-06-09,1118,csv_daily
2024-06-10,1118,csv_daily
2024-06-11,1118,csv_daily
2024-06-12,1120,csv_daily
2024-06-13,1123,csv_daily
2024-06-14,1123,csv_daily
2024-06-15,1123,csv_daily
2024-06-16,1123,csv_daily
2024-06-17,1123,csv_daily
2024-06-18,1123,csv_daily
2024-06-19,1123,csv_daily
2024-06-20,1123,csv_daily
2024-06-21,1123,csv_daily
2024-06-22,1123,csv_daily
2024-06-23,1123,csv_daily
2024-06-24,1123,csv_daily
2024-06-25,1123,csv_daily
2024-06-26,1126,csv_daily
2024-06-27,1126,csv_daily
2024-06-28,1126,csv_daily
2024-06-29,1126,csv_daily
2024-06-30,1126,csv_daily
2024-07-01,1126,csv_daily
2024-07-02,1127,csv_daily
2024-07-03,1127,csv_daily
2024-07-04,1127,csv_daily
2024-07-05,1127,csv_daily
2024-07-06,1127,csv_daily
2024-07-07,1127,csv_daily
2024-07-08,1127,csv_daily
2024-07-09,1127,csv_daily
2024-07-10,1130,csv_daily
2024-07-11,1130,csv_daily
2024-07-12,1130,csv_daily
2024-07-13,1130,csv_daily
2024-07-14,1130,csv_daily
2024-07-15,1131,csv_daily
2024-07-16,1131,csv_daily
2024-07-17,1134,csv_daily
2024-07-18,1134,csv_daily
2024-07-19,1134,csv_daily
2024-07-20,1134,csv_daily
2024-07-21,1134,csv_daily
2024-07-22,1134,csv_daily
2024-07-23,1136,csv_daily
2024-07-24,1136,csv_daily
2024-07-25,1136,csv_daily
2024-07-26,1136,csv_daily
2024-07-27,1136,csv_daily
2024-07-28,1136,csv_daily
2024-07-29,1139,csv_daily
2024-07-30,1140,csv_daily
2024-07-31,1140,csv_daily
2024-08-01,1140,csv_daily
2024-08-02,1140,csv_daily
2024-08-03,1140,csv_daily
2024-08-04,1140,csv_daily
2024-08-05,1141,csv_daily
2024-08-06,1141,csv_daily
2024-08-07,1143,csv_daily
2024-08-08,1143,csv_daily
2024-08-09,1143,csv_daily
2024-08-10,1143,csv_daily
2024-08-11,1143,csv_daily
2024-08-12,1143,csv_daily
2024-08-13,1143,csv_daily
2024-08-14,1149,csv_daily
2024-08-15,1150,csv_daily
2024-08-16,1150,csv_daily
2024-08-17,1150,csv_daily
2024-08-18,1150,csv_daily
2024-08-19,1151,csv_daily
2024-08-20,1151,csv_daily
2024-08-21,1155,csv_daily
2024-08-22,1155,csv_daily
2024-08-23,1155,csv_daily
2024-08-24,1156,csv_daily
2024-08-25,1156,csv_daily
2024-08-26,1156,csv_daily
2024-08-27,1158,csv_daily
2024-08-28,1159,csv_daily
2024-08-29,1159,csv_daily
2024-08-30,1159,csv_daily
2024-08-31,1159,csv_daily
2024-09-01,1159,csv_daily
2024-09-02,1159,csv_daily
2024-09-03,1162,csv_daily
2024-09-04,1162,csv_daily
2024-09-05,1162,csv_daily
2024-09-06,1162,csv_daily
2024-09-07,1162,csv_daily
2024-09-08,1162,csv_daily
2024-09-09,1165,csv_daily
2024-09-10,1169,csv_daily
2024-09-11,1169,csv_daily
2024-09-12,1169,csv_daily
2024-09-13,1170,csv_daily
2024-09-14,1170,csv_daily
2024-09-15,1170,csv_daily
2024-09-16,1172,csv_daily
2024-09-17,1176,csv_daily
2024-09-18,1181,csv_daily
2024-09-19,1181,csv_daily
2024-09-20,1181,csv_daily
2024-09-21,1181,csv_daily
2024-09-22,1181,csv_daily
2024-09-23,1181,csv_daily
2024-09-24,1182,csv_daily
2024-09-25,1181,csv_daily
2024-09-26,1181,csv_daily
2024-09-27,1181,csv_daily
2024-09-28,1181,csv_daily
2024-09-29,1181,csv_daily
2024-09-30,1185,csv_daily
2024-10-01,1185,csv_daily
2024-10-02,1186,csv_daily
2024-10-03,1187,csv_daily
2024-10-04,1187,csv_daily
2024-10-05,1187,csv_daily
2024-10-06,1187,csv_daily
2024-10-07,1187,csv_daily
2024-10-08,1190,csv_daily
2024-10-09,1193,csv_daily
2024-10-10,1193,csv_daily
2024-10-11,1193,csv_daily
2024-10-12,1193,csv_daily
2024-10-13,1193,csv_daily
2024-10-14,1193,csv_daily
2024-10-15,1196,csv_daily
2024-10-16,1196,csv_daily
2024-10-17,1197,csv_daily
2024-10-18,1197,csv_daily
2024-10-19,1197,csv_daily
2024-10-20,1197,csv_daily
2024-10-21,1198,csv_daily
2024-10-22,1199,csv_daily
2024-10-23,1200,csv_daily
2024-10-24,1202,csv_daily
2024-10-25,1202,csv_daily
2024-10-26,1202,csv_daily
2024-10-27,1202,csv_daily
2024-10-28,1202,csv_daily
2024-10-29,1202,csv_daily
2024-10-30,1202,csv_daily
2024-10-31,1202,csv_daily
2024-11-01,1202,csv_daily
2024-11-02,1202,csv_daily
2024-11-03,1202,csv_daily
2024-11-04,1204,csv_daily
2024-11-05,1204,csv_daily
2024-11-06,1204,csv_daily
2024-11-07,1207,csv_daily
2024-11-08,1207,csv_daily
2024-11-09,1207,csv_daily
2024-11-10,1207,csv_daily
2024-11-11,1207,csv_daily
2024-11-12,1207,csv_daily
2024-11-13,1212,csv_daily
2024-11-14,1212,csv_daily
2024-11-15,1214,csv_daily
2024-11-16,1214,csv_daily
2024-11-17,1214,csv_daily
2024-11-18,1214,csv_daily
2024-11-19,1217,csv_daily
2024-11-20,1219,csv_daily
2024-11-21,1222,csv_daily
2024-11-22,1222,csv_daily
2024-11-23,1222,csv_daily
2024-11-24,1222,csv_daily
2024-11-25,1223,csv_daily
2024-11-28,1223,csv_daily
2024-11-29,1223,csv_daily
2024-11-30,1223,csv_daily
2024-12-01,1223,csv_daily
2024-12-02,1223,csv_daily
2024-12-03,1226,csv_daily
2024-12-04,1227,csv_daily
2024-12-05,1227,csv_daily
2024-12-06,1227,csv_daily
2024-12-07,1227,csv_daily
2024-12-08,1227,csv_daily
2024-12-09,1227,csv_daily
2024-12-10,1227,csv_daily
2024-12-11,1228,csv_daily
2024-12-12,1228,csv_daily
2024-12-13,1228,csv_daily
2024-12-14,1229,csv_daily
2024-12-15,1229,csv_daily
2024-12-16,1231,csv_daily
2024-12-17,1232,csv_daily
2024-12-18,1236,csv_daily
2024-12-19,1236,csv_daily
2024-12-20,1237,csv_daily
2024-12-21,1237,csv_daily
2024-12-22,1237,csv_daily
2024-12-23,1238,csv_daily
2024-12-24,1238,csv_daily
2024-12-25,1238,csv_daily
2024-12-26,1238,csv_daily
2024-12-27,1238,csv_daily
2024-12-28,1238,csv_daily
2024-12-29,1238,csv_daily
2024-12-30,1239,csv_daily
2024-12-31,1239,csv_daily
2025-01-01,1239,csv_daily
2025-01-02,1239,csv_daily
2025-01-03,1239,csv_daily
2025-01-04,1239,csv_daily
2025-01-05,1239,csv_daily
2025-01-06,1239,csv_daily
2025-01-07,1242,csv_daily
2025-01-08,1242,csv_daily
2025-01-09,1243,csv_daily
2025-01-10,1243,csv_daily
2025-01-11,1243,csv_daily
2025-01-12,1243,csv_daily
2025-01-13,1245,csv_daily
2025-01-14,1245,csv_daily
2025-01-15,1249,csv_daily
2025-01-16,1250,csv_daily
2025-01-17,1250,csv_daily
2025-01-18,1250,csv_daily
2025-01-19,1250,csv_daily
2025-01-20,1250,csv_daily
2025-01-21,1250,csv_daily
2025-01-22,1250,csv_daily
2025-01-23,1251,csv_daily
2025-01-24,1252,csv_daily
2025-01-25,1252,csv_daily
2025-01-26,1252,csv_daily
2025-01-27,1252,csv_daily
2025-01-28,1252,csv_daily
2025-01-29,1253,csv_daily
2025-01-30,1253,csv_daily
2025-01-31,1253,csv_daily
2025-02-01,1253,csv_daily
2025-02-02,1253,csv_daily
2025-02-03,1253,csv_daily
2025-02-04,1257,csv_daily
2025-02-05,1258,csv_daily
2025-02-06,1263,csv_daily
2025-02-07,1263,csv_daily
2025-02-08,1264,csv_daily
2025-02-09,1264,csv_daily
2025-02-10,1264,csv_daily
2025-02-11,1264,csv_daily
2025-02-12,1270,csv_daily
2025-02-13,1271,csv_daily
2025-02-14,1271,csv_daily
2025-02-15,1271,csv_daily
2025-02-16,1271,csv_daily
2025-02-17,1271,csv_daily
2025-02-18,1271,csv_daily
2025-02-19,1273,csv_daily
2025-02-20,1275,csv_daily
2025-02-21,1276,csv_daily
2025-02-22,1276,csv_daily
2025-02-23,1276,csv_daily
2025-02-24,1278,csv_daily
2025-02-25,1280,csv_daily
2025-02-26,1280,csv_daily
2025-02-27,1280,csv_daily
2025-02-28,1280,csv_daily
2025-03-01,1280,csv_daily
2025-03-02,1280,csv_daily
2025-03-03,1285,csv_daily
2025-03-04,1289,csv_daily
2025-03-05,1289,csv_daily
2025-03-06,1289,csv_daily
2025-03-07,1289,csv_daily
2025-03-08,1289,csv_daily
2025-03-09,1289,csv_daily
2025-03-10,1294,csv_daily
2025-03-11,1300,csv_daily
2025-03-12,1300,csv_daily
2025-03-13,1302,csv_daily
2025-03-14,1302,csv_daily
2025-03-15,1302,csv_daily
2025-03-16,1302,csv_daily
2025-03-17,1302,csv_daily
2025-03-18,1302,csv_daily
2025-03-19,1304,csv_daily
2025-03-20,1307,csv_daily
2025-03-21,1307,csv_daily
2025-03-22,1307,csv_daily
2025-03-23,1307,csv_daily
2025-03-24,1307,csv_daily
2025-03-25,1308,csv_daily
2025-03-26,1308,csv_daily
2025-03-27,1310,csv_daily
2025-03-28,1311,csv_daily
2025-03-29,1311,csv_daily
2025-03-30,1311,csv_daily
2025-03-31,1311,csv_daily
2025-04-01,1312,csv_daily
2025-04-02,1313,csv_daily
2025-04-03,1313,csv_daily
2025-04-04,1313,csv_daily
2025-04-05,1314,csv_daily
2025-04-06,1314,csv_daily
2025-04-07,1314,csv_daily
2025-04-08,1315,csv_daily
2025-04-09,1317,csv_daily
2025-04-10,1319,csv_daily
2025-04-11,1319,csv_daily
2025-04-12,1319,csv_daily
2025-04-13,1319,csv_daily
2025-04-14,1319,csv_daily
2025-04-15,1319,csv_daily
2025-04-16,1320,csv_daily
2025-04-17,1323,csv_daily
2025-04-18,1323,csv_daily
2025-04-19,1323,csv_daily
2025-04-20,1323,csv_daily
2025-04-21,1323,csv_daily
2025-04-22,1323,csv_daily
2025-04-23,1323,csv_daily
2025-04-24,1323,csv_daily
2025-04-25,1323,csv_daily
2025-04-26,1323,csv_daily
2025-04-27,1323,csv_daily
2025-04-28,1326,csv_daily
2025-04-29,1327,csv_daily
2025-04-30,1327,csv_daily
2025-05-01,1329,csv_daily
2025-05-02,1331,csv_daily
2025-05-03,1331,csv_daily
2025-05-04,1331,csv_daily
2025-05-05,1332,csv_daily
2025-05-06,1333,csv_daily
2025-05-07,1335,csv_daily
2025-05-08,1335,csv_daily
2025-05-09,1335,csv_daily
2025-05-10,1335,csv_daily
2025-05-11,1335,csv_daily
2025-05-12,1336,csv_daily
2025-05-13,1336,csv_daily
2025-05-14,1342,csv_daily
2025-05-15,1345,csv_daily
2025-05-16,1345,csv_daily
2025-05-17,1345,csv_daily
2025-05-18,1345,csv_daily
2025-05-19,1351,csv_daily
2025-05-20,1351,csv_daily
2025-05-21,1351,csv_daily
2025-05-22,1352,csv_daily
2025-05-23,1352,csv_daily
2025-05-24,1352,csv_daily
2025-05-25,1352,csv_daily
2025-05-26,1352,csv_daily
2025-05-27,1352,csv_daily
2025-05-28,1352,csv_daily
2025-05-29,1352,csv_daily
2025-05-30,1352,csv_daily
2025-05-31,1352,csv_daily
2025-06-01,1352,csv_daily
2025-06-02,1357,csv_daily
2025-06-03,1360,csv_daily
2025-06-04,1360,csv_daily
2025-06-05,1360,csv_daily
2025-06-06,1360,csv_daily
2025-06-07,1360,csv_daily
2025-06-08,1360,csv_daily
2025-06-09,1362,csv_daily
2025-06-10,1364,csv_daily
2025-06-11,1364,csv_daily
2025-06-12,1364,csv_daily
2025-06-13,1364,csv_daily
2025-06-14,1364,csv_daily
2025-06-15,1364,csv_daily
2025-06-16,1366,csv_daily
2025-06-17,1367,csv_daily
2025-06-18,1367,csv_daily
2025-06-19,1367,csv_daily
2025-06-20,1367,csv_daily
2025-06-21,1367,csv_daily
2025-06-22,1367,csv_daily
2025-06-23,1367,csv_daily
2025-06-24,1367,csv_daily
2025-06-25,1370,csv_daily
2025-06-26,1370,csv_daily
2025-06-27,1370,csv_daily
2025-06-28,1370,csv_daily
2025-06-29,1370,csv_daily
2025-06-30,1371,csv_daily
2025-07-01,1373,csv_daily
2025-07-02,1374,csv_daily
2025-07-03,1374,csv_daily
2025-07-04,1374,csv_daily
2025-07-05,1374,csv_daily
2025-07-06,1374,csv_daily
2025-07-07,1378,csv_daily
2025-07-08,1378,csv_daily
2025-07-09,1378,csv_daily
2025-07-10,1379,csv_daily
2025-07-11,1379,csv_daily
2025-07-12,1379,csv_daily
2025-07-13,1379,csv_daily
2025-07-14,1380,csv_daily
2025-07-15,1380,csv_daily
2025-07-16,1380,csv_daily
2025-07-17,1380,csv_daily
2025-07-18,1381,csv_daily
2025-07-19,1381,csv_daily
2025-07-20,1381,csv_daily
2025-07-21,1382,csv_daily
2025-07-22,1388,csv_daily
2025-07-23,1388,csv_daily
2025-07-24,1388,csv_daily
2025-07-25,1388,csv_daily
2025-07-26,1388,csv_daily
2025-07-27,1388,csv_daily
2025-07-28,1391,csv_daily
2025-07-29,1391,csv_daily
2025-07-30,1391,csv_daily
2025-07-31,1391,csv_daily
2025-08-01,1391,csv_daily
2025-08-02,1391,csv_daily
2025-08-03,1391,csv_daily
2025-08-04,1391,csv_daily
2025-08-05,1394,csv_daily
2025-08-06,1394,csv_daily
2025-08-07,1394,csv_daily
2025-08-08,1394,csv_daily
2025-08-09,1394,csv_daily
2025-08-10,1394,csv_daily
2025-08-11,1394,csv_daily
2025-08-12,1397,csv_daily
2025-08-13,1397,csv_daily
2025-08-14,1399,csv_daily
2025-08-15,1399,csv_daily
2025-08-16,1399,csv_daily
2025-08-17,1399,csv_daily
2025-08-18,1400,csv_daily
2025-08-19,1400,csv_daily
2025-08-20,1400,csv_daily
2025-08-21,1401,csv_daily
2025-08-22,1401,csv_daily
2025-08-23,1401,csv_daily
2025-08-24,1401,csv_daily
2025-08-25,1404,csv_daily
2025-08-26,1404,csv_daily
2025-08-27,1405,csv_daily
2025-08-28,1405,csv_daily
2025-08-29,1406,csv_daily
2025-08-30,1406,csv_daily
2025-08-31,1406,csv_daily
2025-09-01,1406,csv_daily
2025-09-02,1408,csv_daily
2025-09-03,1410,csv_daily
2025-09-04,1413,csv_daily
2025-09-05,1413,csv_daily
2025-09-06,1413,csv_daily
2025-09-07,1413,csv_daily
2025-09-08,1413,csv_daily
2025-09-09,1413,csv_daily
2025-09-10,1413,csv_daily
2025-09-11,1414,csv_daily
2025-09-12,1414,csv_daily
2025-09-13,1414,csv_daily
2025-09-14,1414,csv_daily
2025-09-15,1414,csv_daily
2025-09-16,1414,csv_daily
2025-09-17,1414,csv_daily
2025-09-18,1414,csv_daily
2025-09-19,1414,csv_daily
2025-09-20,1414,csv_daily
2025-09-21,1414,csv_daily
2025-09-22,1414,csv_daily
2025-09-23,1415,csv_daily
2025-09-24,1415,csv_daily
2025-09-25,1417,csv_daily
2025-09-26,1417,csv_daily
2025-09-27,1417,csv_daily
2025-09-28,1417,csv_daily
2025-09-29,1422,csv_daily
2025-09-30,1422,csv_daily
2025-10-01,1422,csv_daily
2025-10-02,1427,csv_daily
2025-10-03,1427,csv_daily
2025-10-04,1427,csv_daily
2025-10-05,1427,csv_daily
2025-10-06,1434,csv_daily
2025-10-07,1435,csv_daily
2025-10-08,1435,csv_daily
2025-10-09,1436,csv_daily
2025-10-10,1436,csv_daily
2025-10-11,1436,csv_daily
2025-10-12,1436,csv_daily
2025-10-13,1436,csv_daily
2025-10-14,1441,csv_daily
2025-10-15,1442,csv_daily
2025-10-16,1442,csv_daily
2025-10-17,1442,csv_daily
2025-10-18,1442,csv_daily
2025-10-19,1442,csv_daily
2025-10-20,1447,csv_daily
2025-10-21,1447,csv_daily
2025-10-22,1447,csv_daily
2025-10-23,1447,csv_daily
2025-10-24,1449,csv_daily
2025-10-25,1449,csv_daily
2025-10-26,1449,csv_daily
2025-10-27,1449,csv_daily
2025-10-28,1451,csv_daily
2025-10-29,1451,csv_daily
2025-10-30,1453,csv_daily
2025-10-31,1453,csv_daily
2025-11-01,1453,csv_daily
2025-11-02,1453,csv_daily
2025-11-03,1453,csv_daily
2025-11-04,1455,csv_daily
2025-11-05,1455,csv_daily
2025-11-06,1455,csv_daily
2025-11-07,1455,csv_daily
2025-11-08,1455,csv_daily
2025-11-09,1455,csv_daily
2025-11-10,1456,csv_daily
2025-11-11,1456,csv_daily
2025-11-12,1459,csv_daily
2025-11-13,1459,csv_daily
2025-11-14,1460,csv_daily
2025-11-15,1460,csv_daily
2025-11-16,1460,csv_daily
2025-11-17,1460,csv_daily
2025-11-18,1460,csv_daily
2025-11-19,1461,csv_daily
2025-11-20,1462,csv_daily
2025-11-21,1462,csv_daily
2025-11-22,1463,csv_daily
2025-11-23,1463,csv_daily
2025-11-24,1463,csv_daily
2025-11-25,1463,csv_daily
2025-11-26,1463,csv_daily
2025-11-27,1463,csv_daily
2025-11-28,1464,csv_daily
2025-11-29,1464,csv_daily
2025-11-30,1464,csv_daily
2025-12-01,1464,csv_daily
2025-12-02,1464,csv_daily
2025-12-03,1466,csv_daily
2025-12-04,1467,csv_daily
2025-12-05,1468,csv_daily
2025-12-06,1468,csv_daily
2025-12-07,1468,csv_daily
2025-12-08,1470,csv_daily
2025-12-09,1470,csv_daily
2025-12-10,1472,csv_daily
2025-12-11,1472,csv_daily
2025-12-12,1473,csv_daily
2025-12-13,1475,csv_daily
2025-12-14,1475,csv_daily
2025-12-15,1475,csv_daily
2025-12-16,1478,csv_daily
2025-12-17,1478,csv_daily
2025-12-18,1481,csv_daily
2025-12-19,1481,csv_daily
2025-12-20,1482,csv_daily
2025-12-21,1482,csv_daily
2025-12-22,1482,csv_daily
2025-12-23,1483,csv_daily
2025-12-24,1483,csv_daily
2025-12-25,1483,csv_daily
2025-12-26,1483,csv_daily
2025-12-27,1483,csv_daily
2025-12-28,1483,csv_daily
2025-12-29,1483,csv_daily
2025-12-30,1484,csv_daily
2025-12-31,1484,csv_daily
2026-01-01,1484,csv_daily
2026-01-02,1484,csv_daily
2026-01-03,1484,csv_daily
2026-01-04,1484,csv_daily
2026-01-05,1484,csv_daily
2026-01-06,1484,csv_daily
2026-01-07,1484,csv_daily
2026-01-08,1486,csv_daily
2026-01-09,1486,csv_daily
2026-01-10,1486,csv_daily
2026-01-11,1486,csv_daily
2026-01-12,1487,csv_daily
2026-01-13,1487,csv_daily
2026-01-14,1488,csv_daily
2026-01-15,1488,csv_daily
2026-01-16,1488,csv_daily
2026-01-17,1488,csv_daily
2026-01-18,1488,csv_daily
2026-01-19,1488,csv_daily
2026-01-20,1488,csv_daily
2026-01-21,1488,csv_daily
2026-01-22,1489,csv_daily
2026-01-23,1493,csv_daily
2026-01-24,1494,csv_daily
2026-01-25,1494,csv_daily
2026-01-26,1494,csv_daily
2026-01-27,1499,csv_daily
2026-01-28,1500,csv_daily
2026-01-29,1500,csv_daily
2026-01-30,1501,csv_daily
2026-01-31,1501,csv_daily
2026-02-01,1501,csv_daily
2026-02-02,1501,csv_daily
2026-02-03,1504,csv_daily
2026-02-04,1505,csv_daily
2026-02-05,1505,csv_daily
2026-02-06,1507,csv_daily
2026-02-07,1507,csv_daily
2026-02-08,1507,csv_daily
2026-02-09,1507,csv_daily
2026-02-10,1507,csv_daily
2026-02-11,1513,csv_daily
2026-02-12,1513,csv_daily
2026-02-13,1517,csv_daily
2026-02-14,1518,csv_daily
2026-02-15,1518,csv_daily
2026-02-16,1518,csv_daily
2026-02-17,1518,csv_daily
2026-02-18,1524,csv_daily
2026-02-19,1524,csv_daily
2026-02-20,1524,csv_daily
2026-02-21,1526,csv_daily
2026-02-22,1526,csv_daily
2026-02-23,1526,csv_daily
2026-02-24,1526,csv_daily
2026-02-25,1529,csv_daily
2026-02-26,1529,csv_daily
2026-02-27,1529,csv_daily
2026-02-28,1529,csv_daily
2026-03-01,1529,csv_daily
2026-03-02,1529,csv_daily
2026-03-03,1531,csv_daily
2026-03-04,1531,csv_daily
2026-03-05,1531,csv_daily
2026-03-06,1536,csv_daily
2026-03-07,1536,csv_daily
2026-03-08,1536,csv_daily
2026-03-09,1536,csv_daily
2026-03-10,1539,csv_daily
2026-03-11,1540,csv_daily
2026-03-12,1540,csv_daily
2026-03-13,1542,csv_daily
2026-03-14,1542,csv_daily
2026-03-15,1542,csv_daily
2026-03-16,1543,csv_daily
2026-03-17,1543,csv_daily
2026-03-18,1544,csv_daily
2026-03-19,1546,csv_daily
2026-03-20,1551,csv_daily
2026-03-21,1551,csv_daily
2026-03-22,1551,csv_daily
2026-03-23,1551,csv_daily
2026-03-24,1551,csv_daily
2026-03-25,1552,csv_daily
2026-03-26,1553,csv_daily
2026-03-27,1553,csv_daily
2026-03-28,1554,csv_daily
2026-03-29,1554,csv_daily
2026-03-30,1554,csv_daily
2026-03-31,1555,csv_daily
2026-04-01,1555,csv_daily
2026-04-02,1556,csv_daily
2026-04-03,1557,csv_daily
2026-04-04,1557,csv_daily
2026-04-05,1557,csv_daily
2026-04-06,1558,csv_daily
2026-04-07,1558,csv_daily
2026-04-08,1559,csv_daily
2026-04-09,1559,csv_daily
2026-04-10,1559,csv_daily
2026-04-11,1559,csv_daily
2026-04-12,1559,csv_daily
2026-04-13,1566,csv_daily
2026-04-14,1568,csv_daily
2026-04-15,1568,csv_daily
2026-04-16,1569,csv_daily
2026-04-17,1569,csv_daily
2026-04-18,1569,csv_daily
2026-04-19,1569,csv_daily
2026-04-20,1569,csv_daily
2026-04-21,1577,csv_daily
2026-04-22,1577,csv_daily
2026-04-23,1579,csv_daily
2026-04-24,1583,csv_daily
2026-04-25,1583,csv_daily
2026-04-26,1583,csv_daily
2026-04-27,1583,csv_daily
2026-04-28,1585,csv_daily
2026-04-29,1585,csv_daily
2026-04-30,1586,csv_daily
2026-05-01,1586,csv_daily
2026-05-02,1587,csv_daily
2026-05-03,1587,csv_daily
2026-05-04,1587,csv_daily
2026-05-05,1587,csv_daily
2026-05-06,1588,csv_daily
2026-05-07,1589,csv_daily
2026-05-08,1590,csv_daily
2026-05-09,1590,csv_daily
2026-05-10,1590,csv_daily
2026-05-11,1590,csv_daily
2026-05-12,1590,csv_daily
2026-05-13,1590,csv_daily
2026-05-14,1591,csv_daily
2026-05-15,1592,csv_daily
2026-05-16,1592,csv_daily
2026-05-17,1592,csv_daily
2026-05-18,1592,csv_daily
2026-05-19,1592,csv_daily
2026-05-20,1599,csv_daily
2026-05-21,1599,csv_daily
2026-05-22,1601,csv_daily
2026-05-23,1602,csv_daily
2026-05-24,1602,csv_daily
2026-05-25,1602,csv_daily
2026-05-26,1603,csv_daily
2026-05-27,1606,csv_daily
2026-05-28,1606,csv_daily
2026-05-29,1606,csv_daily
2026-05-30,1607,csv_daily
2026-05-31,1607,csv_daily
2026-06-01,1608,csv_daily
2026-06-02,1610,csv_daily
2026-06-03,1611,csv_daily
2026-06-04,1611,csv_daily
2026-06-05,1612,csv_daily
2026-06-06,1612,csv_daily
2026-06-07,1612,csv_daily
2026-06-08,1613,csv_daily
2026-06-09,1616,csv_daily
2026-06-10,1617,csv_daily
2026-06-11,1618,csv_daily
2026-06-12,1619,csv_daily
2026-06-13,1619,csv_daily
2026-06-14,1619,csv_daily
2026-06-15,1621,csv_daily
2026-06-16,1621,csv_daily
2026-06-17,1622,csv_daily
2026-06-18,1623,csv_daily
2026-06-19,1623,csv_daily
2026-06-20,1623,csv_daily
2026-06-21,1623,csv_daily
2026-06-22,1623,csv_daily
2026-06-23,1627,csv_daily
2026-06-24,1627,csv_daily
2026-06-25,1627,csv_daily
2026-06-26,1629,csv_daily
2026-06-27,1629,csv_daily
2026-06-28,1629,csv_daily
2026-06-29,1629,csv_daily
2026-06-30,1630,csv_daily
2026-07-01,1630,csv_daily
2026-07-02,1631,csv_daily
2026-07-03,1631,csv_daily
2026-07-04,1631,csv_daily
2026-07-05,1631,csv_daily
2026-07-06,1631,csv_daily
2026-07-07,1635,csv_daily
2026-07-08,1635,csv_daily
2026-07-09,1635,csv_daily
2026-07-10,1637,csv_daily
2026-07-11,1637,csv_daily
2026-07-12,1637,csv_daily
2026-07-13,1638,csv_daily
2026-07-14,1640,csv_daily
2026-07-15,1644,csv_daily
2026-07-16,1647,csv_daily
2026-07-17,1647,csv_daily
2026-07-18,1647,csv_daily
2026-07-19,1647,csv_daily
2026-07-20,1647,csv_daily
2026-07-21,1651,csv_daily
2026-07-22,1651,csv_daily
2026-07-23,1653,csv_daily
2026-07-24,1653,csv_daily
2026-07-25,1653,csv_daily
2026-07-26,1653,csv_daily
2026-07-27,1654,csv_daily
2026-07-28,1655,csv_daily
2026-07-29,1655,csv_daily
2026-07-30,1655,csv_daily
2026-07-31,1655,csv_daily
2026-08-01,1655,csv_daily
2026-08-02,1655,csv_daily
2026-08-03,1655,csv_daily
2026-08-04,1660,csv_daily
2026-08-05,1661,csv_daily
2026-08-07,1662,csv_daily
2026-08-08,1662,csv_daily
2026-08-09,1662,csv_daily
2026-08-10,1662,csv_daily
2026-08-11,1662,csv_daily
2026-08-12,1665,csv_daily
2026-08-13,1665,csv_daily
2026-08-14,1665,csv_daily
2026-08-15,1665,csv_daily
2026-08-16,1665,csv_daily
2026-08-17,1666,csv_daily
2026-08-18,1670,csv_daily
2026-08-19,1671,csv_daily
2026-08-20,1673,csv_daily
2026-08-21,1674,csv_daily
2026-08-22,1674,csv_daily
2026-08-23,1674,csv_daily
2026-08-24,1675,csv_daily
2026-08-25,1676,csv_daily
2026-08-26,1682,csv_daily
2026-08-28,1685,csv_daily
2026-08-29,1685,csv_daily
2026-08-30,1685,csv_daily
2026-08-31,1687,csv_daily
2026-09-01,1687,csv_daily
2026-09-02,1694,csv_daily
2026-09-03,1694,csv_daily
2026-09-04,1695,csv_daily
2026-09-05,1695,csv_daily
2026-09-06,1695,csv_daily
2026-09-07,1695,csv_daily
2026-09-08,1699,csv_daily
2026-09-09,1703,csv_daily
2025-01-27,1252,json_official
2025-01-29,1253,json_official
2025-02-04,1257,json_official
2025-02-05,1258,json_official
2025-02-07,1264,json_official
2025-02-11,1268,json_official
2025-02-12,1270,json_official
2025-02-13,1271,json_official
2025-02-17,1271,json_official
2025-02-18,1273,json_official
2025-02-19,1273,json_official
2025-02-20,1275,json_official
2025-02-21,1276,json_official
2025-02-24,1278,json_official
2025-02-25,1280,json_official
2025-02-26,1280,json_official
2025-03-03,1285,json_official
2025-03-04,1289,json_official
2025-03-10,1294,json_official
2025-03-11,1300,json_official
2025-03-13,1302,json_official
2025-03-18,1304,json_official
2025-03-19,1307,json_official
2025-03-24,1308,json_official
2025-03-27,1311,json_official
2025-03-31,1312,json_official
2025-04-01,1313,json_official
2025-04-04,1314,json_official
2025-04-07,1315,json_official
2025-04-08,1317,json_official
2025-04-09,1319,json_official
2025-04-16,1320,json_official
2025-04-17,1323,json_official
2025-04-29,1327,json_official
2025-05-02,1331,json_official
2025-05-05,1332,json_official
2025-05-06,1333,json_official
2025-05-07,1335,json_official
2025-05-12,1336,json_official
2025-05-13,1341,json_official
2025-05-14,1342,json_official
2025-05-15,1345,json_official
2025-05-19,1351,json_official
2025-05-22,1352,json_official
2025-06-09,1362,json_official
2025-06-10,1364,json_official
2025-06-16,1366,json_official
2025-06-17,1367,json_official
2025-06-25,1370,json_official
2025-07-01,1373,json_official
2025-07-02,1374,json_official
2025-07-07,1378,json_official
2025-07-11,1379,json_official
2025-07-14,1380,json_official
2025-07-18,1381,json_official
2025-07-21,1382,json_official
2025-07-22,1388,json_official
2025-07-25,1388,json_official
2025-07-28,1391,json_official
2025-08-05,1394,json_official
2025-08-12,1397,json_official
2025-08-13,1399,json_official
2025-08-18,1400,json_official
2025-08-21,1401,json_official
2025-08-25,1404,json_official
2025-08-26,1405,json_official
2025-08-29,1406,json_official
2025-09-02,1408,json_official
2025-09-03,1410,json_official
2025-09-04,1413,json_official
2025-09-11,1414,json_official
2025-09-23,1415,json_official
2025-09-25,1417,json_official
2025-09-29,1422,json_official
2025-09-30,1422,json_official
2025-10-02,1427,json_official
2025-10-06,1434,json_official
2025-10-07,1435,json_official
2025-10-08,1435,json_official
2025-10-09,1436,json_official
2025-10-14,1441,json_official
2025-10-15,1442,json_official
2025-10-20,1447,json_official
2025-10-21,1447,json_official
2025-10-22,1447,json_official
2025-10-24,1449,json_official
2025-10-28,1451,json_official
2025-10-29,1451,json_official
2025-10-30,1453,json_official
2025-11-04,1455,json_official
2025-11-10,1456,json_official
2025-11-12,1459,json_official
2025-11-14,1460,json_official
2025-11-18,1461,json_official
2025-11-19,1462,json_official
2025-11-21,1463,json_official
2025-11-28,1464,json_official
2025-12-02,1466,json_official
2025-12-03,1467,json_official
2025-12-05,1468,json_official
2025-12-08,1470,json_official
2025-12-09,1472,json_official
2025-12-11,1473,json_official
2025-12-12,1475,json_official
2025-12-15,1477,json_official
2025-12-16,1478,json_official
2025-12-17,1481,json_official
2025-12-18,1481,json_official
2025-12-19,1482,json_official
2025-12-22,1483,json_official
2025-12-29,1484,json_official
2026-01-07,1486,json_official
2026-01-09,1486,json_official
2026-01-12,1487,json_official
2026-01-13,1488,json_official
2026-01-21,1489,json_official
2026-01-22,1493,json_official
2026-01-23,1494,json_official
2026-01-26,1499,json_official
2026-01-27,1500,json_official
2026-01-29,1501,json_official
2026-02-03,1505,json_official
2026-02-04,1505,json_official
2026-02-05,1507,json_official
2026-02-06,1507,json_official
2026-02-10,1513,json_official
2026-02-11,1513,json_official
2026-02-12,1517,json_official
2026-02-14,1518,json_official
2026-02-17,1522,json_official
2026-02-18,1524,json_official
2026-02-19,1524,json_official
2026-02-20,1526,json_official
2026-02-24,1527,json_official
2026-02-25,1529,json_official
2026-02-26,1529,json_official
2026-03-03,1531,json_official
2026-03-04,1531,json_official
2026-03-05,1536,json_official
2026-03-09,1539,json_official
2026-03-11,1540,json_official
2026-03-13,1542,json_official
2026-03-16,1543,json_official
2026-03-18,1545,json_official
2026-03-19,1546,json_official
2026-03-20,1551,json_official
2026-03-25,1552,json_official
2026-03-26,1553,json_official
2026-03-27,1554,json_official
2026-03-30,1555,json_official
2026-04-01,1556,json_official
2026-04-02,1557,json_official
2026-04-06,1558,json_official
2026-04-08,1559,json_official
2026-04-13,1566,json_official
2026-04-14,1568,json_official
2026-04-16,1569,json_official
2026-04-20,1577,json_official
2026-04-21,1577,json_official
2026-04-22,1578,json_official
2026-04-23,1579,json_official
2026-04-24,1583,json_official
2026-04-28,1585,json_official
2026-04-30,1586,json_official
2026-05-01,1587,json_official
2026-05-04,1587,json_official
2026-05-05,1587,json_official
2026-05-06,1588,json_official
2026-05-07,1589,json_official
2026-05-08,1590,json_official
2026-05-13,1590,json_official
2026-05-14,1591,json_official
2026-05-15,1592,json_official
2026-05-20,1599,json_official
2026-05-21,1601,json_official
2026-05-22,1602,json_official
2026-05-26,1603,json_official
2026-05-27,1606,json_official
2026-05-28,1606,json_official
2026-05-29,1607,json_official
2026-06-01,1608,json_official
2026-06-02,1610,json_official
2026-06-03,1611,json_official
2026-06-05,1612,json_official
2026-06-08,1614,json_official
2026-06-09,1617,json_official
2026-06-11,1618,json_official
2026-06-12,1619,json_official
2026-06-15,1621,json_official
2026-06-16,1622,json_official
2026-06-18,1623,json_official
2026-06-23,1627,json_official
2026-06-25,1629,json_official
2026-06-29,1630,json_official
2026-07-01,1631,json_official
2026-07-07,1635,json_official
2026-07-10,1637,json_official
2026-07-13,1638,json_official
2026-07-14,1642,json_official
2026-07-15,1644,json_official
2026-07-16,1647,json_official
2026-07-21,1651,json_official
2026-07-22,1653,json_official
2026-07-23,1653,json_official
2026-07-24,1653,json_official
2026-07-27,1655,json_official
2026-07-29,1656,json_official
2026-08-03,1657,json_official
2026-08-04,1660,json_official
2026-08-05,1661,json_official
2026-08-06,1661,json_official
2026-08-07,1662,json_official
2026-08-10,1662,json_official
2026-08-11,1665,json_official
2026-08-14,1665,json_official
2026-08-17,1666,json_official
2026-08-18,1670,json_official
2026-08-19,1671,json_official
2026-08-20,1673,json_official
2026-08-21,1674,json_official
2026-08-24,1675,json_official
2026-08-25,1676,json_official
2026-08-26,1682,json_official
2026-08-28,1685,json_official
2026-08-31,1687,json_official
2026-09-01,1687,json_official
2026-09-02,1694,json_official
2026-09-04,1695,json_official
2026-09-08,1699,json_official
2026-09-09,1703,json_official
