date,n_records,header_style,cveID,vendorProject,product,vulnerabilityName,dateAdded,shortDescription,requiredAction,dueDate,knownRansomwareCampaignUse,forensicTriage,notes,cwes
2021-11-12,291,BOM+bare+label-case,1,1,1,1,1,1,1,1,0,0,1,0
2021-11-13,291,BOM+bare+label-case,1,1,1,1,1,1,1,1,0,0,1,0
2021-11-14,291,BOM+bare+label-case,1,1,1,1,1,1,1,1,0,0,1,0
2021-11-15,291,BOM+bare+label-case,1,1,1,1,1,1,1,1,0,0,1,0
2021-11-16,291,BOM+bare+label-case,1,1,1,1,1,1,1,1,0,0,1,0
2021-11-17,291,BOM+bare+label-case,1,1,1,1,1,1,1,1,0,0,1,0
2021-11-18,291,bare+label-case,1,1,1,1,1,1,1,1,0,0,1,0
2021-11-19,291,bare+label-case,1,1,1,1,1,1,1,1,0,0,1,0
2021-11-20,291,bare+label-case,1,1,1,1,1,1,1,1,0,0,1,0
2021-11-21,291,bare+label-case,1,1,1,1,1,1,1,1,0,0,1,0
2021-11-22,291,bare+label-case,1,1,1,1,1,1,1,1,0,0,1,0
2021-11-23,291,bare+label-case,1,1,1,1,1,1,1,1,0,0,1,0
2021-11-24,291,bare+label-case,1,1,1,1,1,1,1,1,0,0,1,0
2021-11-25,291,bare+label-case,1,1,1,1,1,1,1,1,0,0,1,0
2021-11-26,291,bare+label-case,1,1,1,1,1,1,1,1,0,0,1,0
2021-11-27,291,bare+label-case,1,1,1,1,1,1,1,1,0,0,1,0
2021-11-28,291,bare+label-case,1,1,1,1,1,1,1,1,0,0,1,0
2021-11-29,291,bare+label-case,1,1,1,1,1,1,1,1,0,0,1,0
2021-11-30,291,bare+label-case,1,1,1,1,1,1,1,1,0,0,1,0
2021-12-01,296,bare+camelCase,1,1,1,1,1,1,1,1,0,0,1,0
2021-12-02,296,bare+camelCase,1,1,1,1,1,1,1,1,0,0,1,0
2021-12-03,296,bare+camelCase,1,1,1,1,1,1,1,1,0,0,1,0
2021-12-04,296,bare+camelCase,1,1,1,1,1,1,1,1,0,0,1,0
2021-12-05,296,bare+camelCase,1,1,1,1,1,1,1,1,0,0,1,0
2021-12-06,296,bare+camelCase,1,1,1,1,1,1,1,1,0,0,1,0
2021-12-07,296,bare+camelCase,1,1,1,1,1,1,1,1,0,0,1,0
2021-12-08,296,bare+camelCase,1,1,1,1,1,1,1,1,0,0,1,0
2021-12-09,296,bare+camelCase,1,1,1,1,1,1,1,1,0,0,1,0
2021-12-10,296,bare+camelCase,1,1,1,1,1,1,1,1,0,0,1,0
2021-12-11,309,bare+camelCase,1,1,1,1,1,1,1,1,0,0,0,0
2021-12-12,309,bare+camelCase,1,1,1,1,1,1,1,1,0,0,0,0
2021-12-13,309,bare+camelCase,1,1,1,1,1,1,1,1,0,0,0,0
2021-12-14,309,bare+camelCase,1,1,1,1,1,1,1,1,0,0,0,0
2021-12-15,311,bare+camelCase,1,1,1,1,1,1,1,1,0,0,0,0
2021-12-16,311,bare+camelCase,1,1,1,1,1,1,1,1,0,0,0,0
2021-12-17,311,bare+camelCase,1,1,1,1,1,1,1,1,0,0,0,0
2021-12-18,311,bare+camelCase,1,1,1,1,1,1,1,1,0,0,0,0
2021-12-19,311,bare+camelCase,1,1,1,1,1,1,1,1,0,0,0,0
2021-12-20,311,bare+camelCase,1,1,1,1,1,1,1,1,0,0,0,0
2021-12-21,311,bare+camelCase,1,1,1,1,1,1,1,1,0,0,0,0
2021-12-22,311,bare+camelCase,1,1,1,1,1,1,1,1,0,0,0,0
2021-12-23,311,bare+camelCase,1,1,1,1,1,1,1,1,0,0,0,0
2021-12-24,311,bare+camelCase,1,1,1,1,1,1,1,1,0,0,0,0
2021-12-25,311,bare+camelCase,1,1,1,1,1,1,1,1,0,0,0,0
2021-12-26,311,bare+camelCase,1,1,1,1,1,1,1,1,0,0,0,0
2021-12-27,311,bare+camelCase,1,1,1,1,1,1,1,1,0,0,0,0
2021-12-28,311,bare+camelCase,1,1,1,1,1,1,1,1,0,0,0,0
2021-12-29,311,bare+camelCase,1,1,1,1,1,1,1,1,0,0,0,0
2021-12-30,311,bare+camelCase,1,1,1,1,1,1,1,1,0,0,0,0
2021-12-31,311,bare+camelCase,1,1,1,1,1,1,1,1,0,0,0,0
2022-01-01,311,bare+camelCase,1,1,1,1,1,1,1,1,0,0,0,0
2022-01-02,311,bare+camelCase,1,1,1,1,1,1,1,1,0,0,0,0
2022-01-03,311,bare+camelCase,1,1,1,1,1,1,1,1,0,0,0,0
2022-01-04,311,bare+camelCase,1,1,1,1,1,1,1,1,0,0,0,0
2022-01-05,311,bare+camelCase,1,1,1,1,1,1,1,1,0,0,0,0
2022-01-06,311,bare+camelCase,1,1,1,1,1,1,1,1,0,0,0,0
2022-01-07,311,bare+camelCase,1,1,1,1,1,1,1,1,0,0,0,0
2022-01-08,311,bare+camelCase,1,1,1,1,1,1,1,1,0,0,0,0
2022-01-09,311,bare+camelCase,1,1,1,1,1,1,1,1,0,0,0,0
2022-01-10,326,bare+camelCase,1,1,1,1,1,1,1,1,0,0,0,0
2022-01-11,326,bare+camelCase,1,1,1,1,1,1,1,1,0,0,0,0
2022-01-12,326,bare+camelCase,1,1,1,1,1,1,1,1,0,0,0,0
2022-01-13,326,bare+camelCase,1,1,1,1,1,1,1,1,0,0,0,0
2022-01-14,326,bare+camelCase,1,1,1,1,1,1,1,1,0,0,0,0
2022-01-15,326,bare+camelCase,1,1,1,1,1,1,1,1,0,0,0,0
2022-01-16,326,bare+camelCase,1,1,1,1,1,1,1,1,0,0,0,0
2022-01-17,326,bare+camelCase,1,1,1,1,1,1,1,1,0,0,0,0
2022-01-18,326,bare+camelCase,1,1,1,1,1,1,1,1,0,0,0,0
2022-01-19,339,bare+camelCase,1,1,1,1,1,1,1,1,0,0,0,0
2022-01-20,339,bare+camelCase,1,1,1,1,1,1,1,1,0,0,0,0
2022-01-21,339,bare+camelCase,1,1,1,1,1,1,1,1,0,0,0,0
2022-01-22,343,bare+camelCase,1,1,1,1,1,1,1,1,0,0,0,0
2022-01-23,343,bare+camelCase,1,1,1,1,1,1,1,1,0,0,0,0
2022-01-24,343,bare+camelCase,1,1,1,1,1,1,1,1,0,0,0,0
2022-01-25,343,bare+camelCase,1,1,1,1,1,1,1,1,0,0,0,0
2022-01-26,343,bare+camelCase,1,1,1,1,1,1,1,1,0,0,0,0
2022-01-27,343,bare+camelCase,1,1,1,1,1,1,1,1,0,0,0,0
2022-01-28,351,bare+camelCase,1,1,1,1,1,1,1,1,0,0,0,0
2022-01-29,351,bare+camelCase,1,1,1,1,1,1,1,1,0,0,0,0
2022-01-30,351,bare+camelCase,1,1,1,1,1,1,1,1,0,0,0,0
2022-01-31,351,bare+camelCase,1,1,1,1,1,1,1,1,0,0,0,0
2022-02-01,351,bare+camelCase,1,1,1,1,1,1,1,1,0,0,0,0
2022-02-02,351,bare+camelCase,1,1,1,1,1,1,1,1,0,0,0,0
2022-02-03,351,bare+camelCase,1,1,1,1,1,1,1,1,0,0,0,0
2022-02-04,352,bare+camelCase,1,1,1,1,1,1,1,1,0,0,0,0
2022-02-05,352,bare+camelCase,1,1,1,1,1,1,1,1,0,0,0,0
2022-02-06,352,bare+camelCase,1,1,1,1,1,1,1,1,0,0,0,0
2022-02-07,352,bare+camelCase,1,1,1,1,1,1,1,1,0,0,0,0
2022-02-08,352,bare+camelCase,1,1,1,1,1,1,1,1,0,0,0,0
2022-02-09,352,bare+camelCase,1,1,1,1,1,1,1,1,0,0,0,0
2022-02-10,352,bare+camelCase,1,1,1,1,1,1,1,1,0,0,0,0
2022-02-11,368,bare+camelCase,1,1,1,1,1,1,1,1,0,0,0,0
2022-02-12,368,bare+camelCase,1,1,1,1,1,1,1,1,0,0,0,0
2022-02-13,368,bare+camelCase,1,1,1,1,1,1,1,1,0,0,0,0
2022-02-14,368,bare+camelCase,1,1,1,1,1,1,1,1,0,0,0,0
2022-02-15,368,bare+camelCase,1,1,1,1,1,1,1,1,0,0,0,0
2022-02-16,377,bare+camelCase,1,1,1,1,1,1,1,1,0,0,0,0
2022-02-17,377,bare+camelCase,1,1,1,1,1,1,1,1,0,0,0,0
2022-02-18,377,bare+camelCase,1,1,1,1,1,1,1,1,0,0,0,0
2022-02-19,377,bare+camelCase,1,1,1,1,1,1,1,1,0,0,0,0
2022-02-20,377,bare+camelCase,1,1,1,1,1,1,1,1,0,0,0,0
2022-02-21,377,bare+camelCase,1,1,1,1,1,1,1,1,0,0,0,0
2022-02-22,377,bare+camelCase,1,1,1,1,1,1,1,1,0,0,0,0
2022-02-23,379,bare+camelCase,1,1,1,1,1,1,1,1,0,0,0,0
2022-02-24,379,bare+camelCase,1,1,1,1,1,1,1,1,0,0,0,0
2022-02-25,379,bare+camelCase,1,1,1,1,1,1,1,1,0,0,0,0
2022-02-26,383,bare+camelCase,1,1,1,1,1,1,1,1,0,0,0,0
2022-02-27,383,bare+camelCase,1,1,1,1,1,1,1,1,0,0,0,0
2022-02-28,383,bare+camelCase,1,1,1,1,1,1,1,1,0,0,0,0
2022-03-01,383,bare+camelCase,1,1,1,1,1,1,1,1,0,0,0,0
2022-03-02,383,bare+camelCase,1,1,1,1,1,1,1,1,0,0,0,0
2022-03-03,478,bare+camelCase,1,1,1,1,1,1,1,1,0,0,0,0
2022-03-04,478,bare+camelCase,1,1,1,1,1,1,1,1,0,0,0,0
2022-03-05,478,bare+camelCase,1,1,1,1,1,1,1,1,0,0,0,0
2022-03-06,478,bare+camelCase,1,1,1,1,1,1,1,1,0,0,0,0
2022-03-07,478,bare+camelCase,1,1,1,1,1,1,1,1,0,0,0,0
2022-03-08,489,bare+camelCase,1,1,1,1,1,1,1,1,0,0,0,0
2022-03-09,489,bare+camelCase,1,1,1,1,1,1,1,1,0,0,0,0
2022-03-10,489,bare+camelCase,1,1,1,1,1,1,1,1,0,0,0,0
2022-03-11,489,bare+camelCase,1,1,1,1,1,1,1,1,0,0,0,0
2022-03-12,489,bare+camelCase,1,1,1,1,1,1,1,1,0,0,0,0
2022-03-13,489,bare+camelCase,1,1,1,1,1,1,1,1,0,0,0,0
2022-03-14,489,bare+camelCase,1,1,1,1,1,1,1,1,0,0,0,0
2022-03-15,489,bare+camelCase,1,1,1,1,1,1,1,1,0,0,0,0
2022-03-16,504,bare+camelCase,1,1,1,1,1,1,1,1,0,0,0,0
2022-03-17,504,bare+camelCase,1,1,1,1,1,1,1,1,0,0,0,0
2022-03-18,504,bare+camelCase,1,1,1,1,1,1,1,1,0,0,0,0
2022-03-19,504,bare+camelCase,1,1,1,1,1,1,1,1,0,0,0,0
2022-03-20,504,bare+camelCase,1,1,1,1,1,1,1,1,0,0,0,0
2022-03-21,504,bare+camelCase,1,1,1,1,1,1,1,1,0,0,0,0
2022-03-22,504,bare+camelCase,1,1,1,1,1,1,1,1,0,0,0,0
2022-03-23,504,bare+camelCase,1,1,1,1,1,1,1,1,0,0,0,0
2022-03-24,504,bare+camelCase,1,1,1,1,1,1,1,1,0,0,0,0
2022-03-25,504,bare+camelCase,1,1,1,1,1,1,1,1,0,0,0,0
2022-03-26,570,bare+camelCase,1,1,1,1,1,1,1,1,0,0,0,0
2022-03-27,570,bare+camelCase,1,1,1,1,1,1,1,1,0,0,0,0
2022-03-28,570,bare+camelCase,1,1,1,1,1,1,1,1,0,0,0,0
2022-03-29,602,bare+camelCase,1,1,1,1,1,1,1,1,0,0,0,0
2022-03-30,602,bare+camelCase,1,1,1,1,1,1,1,1,0,0,0,0
2022-03-31,610,bare+camelCase,1,1,1,1,1,1,1,1,0,0,0,0
2022-04-01,609,bare+camelCase,1,1,1,1,1,1,1,1,0,0,0,0
2022-04-02,609,bare+camelCase,1,1,1,1,1,1,1,1,0,0,0,0
2022-04-03,609,bare+camelCase,1,1,1,1,1,1,1,1,0,0,0,0
2022-04-04,609,bare+camelCase,1,1,1,1,1,1,1,1,0,0,0,0
2022-04-05,613,bare+camelCase,1,1,1,1,1,1,1,1,0,0,0,0
2022-04-06,613,bare+camelCase,1,1,1,1,1,1,1,1,0,0,0,0
2022-04-07,616,bare+camelCase,1,1,1,1,1,1,1,1,0,0,0,0
2022-04-08,616,bare+camelCase,1,1,1,1,1,1,1,1,0,0,0,0
2022-04-09,616,bare+camelCase,1,1,1,1,1,1,1,1,0,0,0,0
2022-04-10,616,bare+camelCase,1,1,1,1,1,1,1,1,0,0,0,0
2022-04-11,616,bare+camelCase,1,1,1,1,1,1,1,1,0,0,0,0
2022-04-12,624,bare+camelCase,1,1,1,1,1,1,1,1,0,0,0,0
2022-04-13,634,bare+camelCase,1,1,1,1,1,1,1,1,0,0,0,0
2022-04-14,635,bare+camelCase,1,1,1,1,1,1,1,1,0,0,0,0
2022-04-15,644,bare+camelCase,1,1,1,1,1,1,1,1,0,0,0,0
2022-04-16,644,bare+camelCase,1,1,1,1,1,1,1,1,0,0,0,0
2022-04-17,644,bare+camelCase,1,1,1,1,1,1,1,1,0,0,0,0
2022-04-18,644,bare+camelCase,1,1,1,1,1,1,1,1,0,0,0,0
2022-04-19,644,bare+camelCase,1,1,1,1,1,1,1,1,0,0,0,0
2022-04-20,647,bare+camelCase,1,1,1,1,1,1,1,1,0,0,0,0
2022-04-21,647,bare+camelCase,1,1,1,1,1,1,1,1,0,0,0,0
2022-04-22,647,bare+camelCase,1,1,1,1,1,1,1,1,0,0,0,0
2022-04-23,647,bare+camelCase,1,1,1,1,1,1,1,1,0,0,0,0
2022-04-24,647,bare+camelCase,1,1,1,1,1,1,1,1,0,0,0,0
2022-04-25,647,bare+camelCase,1,1,1,1,1,1,1,1,0,0,0,0
2022-04-26,654,bare+camelCase,1,1,1,1,1,1,1,1,0,0,0,0
2022-04-27,654,bare+camelCase,1,1,1,1,1,1,1,1,0,0,0,0
2022-04-28,654,bare+camelCase,1,1,1,1,1,1,1,1,0,0,0,0
2022-04-29,654,bare+camelCase,1,1,1,1,1,1,1,1,0,0,0,0
2022-04-30,654,bare+camelCase,1,1,1,1,1,1,1,1,0,0,0,0
2022-05-01,654,bare+camelCase,1,1,1,1,1,1,1,1,0,0,0,0
2022-05-02,654,bare+camelCase,1,1,1,1,1,1,1,1,0,0,0,0
2022-05-03,654,bare+camelCase,1,1,1,1,1,1,1,1,0,0,0,0
2022-05-04,659,bare+camelCase,1,1,1,1,1,1,1,1,0,0,0,0
2022-05-05,659,bare+camelCase,1,1,1,1,1,1,1,1,0,0,0,0
2022-05-06,659,bare+camelCase,1,1,1,1,1,1,1,1,0,0,0,0
2022-05-07,659,bare+camelCase,1,1,1,1,1,1,1,1,0,0,0,0
2022-05-08,659,bare+camelCase,1,1,1,1,1,1,1,1,0,0,0,0
2022-05-09,659,bare+camelCase,1,1,1,1,1,1,1,1,0,0,0,0
2022-05-10,659,bare+camelCase,1,1,1,1,1,1,1,1,0,0,0,0
2022-05-11,661,bare+camelCase,1,1,1,1,1,1,1,1,0,0,0,0
2022-05-12,661,bare+camelCase,1,1,1,1,1,1,1,1,0,0,0,0
2022-05-13,661,bare+camelCase,1,1,1,1,1,1,1,1,0,0,0,0
2022-05-14,660,bare+camelCase,1,1,1,1,1,1,1,1,0,0,0,0
2022-05-15,660,bare+camelCase,1,1,1,1,1,1,1,1,0,0,0,0
2022-05-16,660,bare+camelCase,1,1,1,1,1,1,1,1,0,0,0,0
2022-05-17,662,bare+camelCase,1,1,1,1,1,1,1,1,0,0,0,0
2022-05-18,662,bare+camelCase,1,1,1,1,1,1,1,1,0,0,0,0
2022-05-19,662,bare+camelCase,1,1,1,1,1,1,1,1,0,0,0,0
2022-05-20,662,bare+camelCase,1,1,1,1,1,1,1,1,0,0,0,0
2022-05-21,662,bare+camelCase,1,1,1,1,1,1,1,1,0,0,0,0
2022-05-22,662,bare+camelCase,1,1,1,1,1,1,1,1,0,0,0,0
2022-05-23,683,bare+camelCase,1,1,1,1,1,1,1,1,0,0,0,0
2022-05-24,703,bare+camelCase,1,1,1,1,1,1,1,1,0,0,1,0
2022-05-25,737,bare+camelCase,1,1,1,1,1,1,1,1,0,0,1,0
2022-05-26,737,bare+camelCase,1,1,1,1,1,1,1,1,0,0,1,0
2022-05-27,737,bare+camelCase,1,1,1,1,1,1,1,1,0,0,1,0
2022-05-28,737,bare+camelCase,1,1,1,1,1,1,1,1,0,0,1,0
2022-05-29,737,bare+camelCase,1,1,1,1,1,1,1,1,0,0,1,0
2022-05-30,737,bare+camelCase,1,1,1,1,1,1,1,1,0,0,1,0
2022-05-31,737,bare+camelCase,1,1,1,1,1,1,1,1,0,0,1,0
2022-06-01,737,bare+camelCase,1,1,1,1,1,1,1,1,0,0,1,0
2022-06-02,737,bare+camelCase,1,1,1,1,1,1,1,1,0,0,1,0
2022-06-03,738,bare+camelCase,1,1,1,1,1,1,1,1,0,0,1,0
2022-06-04,738,bare+camelCase,1,1,1,1,1,1,1,1,0,0,1,0
2022-06-05,738,bare+camelCase,1,1,1,1,1,1,1,1,0,0,1,0
2022-06-06,738,bare+camelCase,1,1,1,1,1,1,1,1,0,0,1,0
2022-06-07,738,bare+camelCase,1,1,1,1,1,1,1,1,0,0,1,0
2022-06-08,774,quoted+camelCase,1,1,1,1,1,1,1,1,0,0,1,0
2022-06-09,777,quoted+camelCase,1,1,1,1,1,1,1,1,0,0,1,0
2022-06-10,777,quoted+camelCase,1,1,1,1,1,1,1,1,0,0,1,0
2022-06-11,777,quoted+camelCase,1,1,1,1,1,1,1,1,0,0,1,0
2022-06-12,777,quoted+camelCase,1,1,1,1,1,1,1,1,0,0,1,0
2022-06-13,777,quoted+camelCase,1,1,1,1,1,1,1,1,0,0,1,0
2022-06-14,777,quoted+camelCase,1,1,1,1,1,1,1,1,0,0,1,0
2022-06-15,778,quoted+camelCase,1,1,1,1,1,1,1,1,0,0,1,0
2022-06-16,778,quoted+camelCase,1,1,1,1,1,1,1,1,0,0,1,0
2022-06-17,778,quoted+camelCase,1,1,1,1,1,1,1,1,0,0,1,0
2022-06-18,778,quoted+camelCase,1,1,1,1,1,1,1,1,0,0,1,0
2022-06-19,778,quoted+camelCase,1,1,1,1,1,1,1,1,0,0,1,0
2022-06-20,778,quoted+camelCase,1,1,1,1,1,1,1,1,0,0,1,0
2022-06-21,778,quoted+camelCase,1,1,1,1,1,1,1,1,0,0,1,0
2022-06-22,778,quoted+camelCase,1,1,1,1,1,1,1,1,0,0,1,0
2022-06-23,778,quoted+camelCase,1,1,1,1,1,1,1,1,0,0,1,0
2022-06-24,778,quoted+camelCase,1,1,1,1,1,1,1,1,0,0,1,0
2022-06-25,778,quoted+camelCase,1,1,1,1,1,1,1,1,0,0,1,0
2022-06-26,778,quoted+camelCase,1,1,1,1,1,1,1,1,0,0,1,0
2022-06-27,786,quoted+camelCase,1,1,1,1,1,1,1,1,0,0,1,0
2022-06-28,786,quoted+camelCase,1,1,1,1,1,1,1,1,0,0,1,0
2022-06-29,786,quoted+camelCase,1,1,1,1,1,1,1,1,0,0,1,0
2022-06-30,786,quoted+camelCase,1,1,1,1,1,1,1,1,0,0,1,0
2022-07-01,787,quoted+camelCase,1,1,1,1,1,1,1,1,0,0,1,0
2022-07-02,787,quoted+camelCase,1,1,1,1,1,1,1,1,0,0,1,0
2022-07-03,787,quoted+camelCase,1,1,1,1,1,1,1,1,0,0,1,0
2022-07-04,787,quoted+camelCase,1,1,1,1,1,1,1,1,0,0,1,0
2022-07-05,787,quoted+camelCase,1,1,1,1,1,1,1,1,0,0,1,0
2022-07-06,787,quoted+camelCase,1,1,1,1,1,1,1,1,0,0,1,0
2022-07-07,787,quoted+camelCase,1,1,1,1,1,1,1,1,0,0,1,0
2022-07-08,787,quoted+camelCase,1,1,1,1,1,1,1,1,0,0,1,0
2022-07-09,787,quoted+camelCase,1,1,1,1,1,1,1,1,0,0,1,0
2022-07-10,787,quoted+camelCase,1,1,1,1,1,1,1,1,0,0,1,0
2022-07-11,787,quoted+camelCase,1,1,1,1,1,1,1,1,0,0,1,0
2022-07-12,787,quoted+camelCase,1,1,1,1,1,1,1,1,0,0,1,0
2022-07-13,788,quoted+camelCase,1,1,1,1,1,1,1,1,0,0,1,0
2022-07-14,788,quoted+camelCase,1,1,1,1,1,1,1,1,0,0,1,0
2022-07-15,788,quoted+camelCase,1,1,1,1,1,1,1,1,0,0,1,0
2022-07-16,788,quoted+camelCase,1,1,1,1,1,1,1,1,0,0,1,0
2022-07-17,788,quoted+camelCase,1,1,1,1,1,1,1,1,0,0,1,0
2022-07-18,788,quoted+camelCase,1,1,1,1,1,1,1,1,0,0,1,0
2022-07-19,788,quoted+camelCase,1,1,1,1,1,1,1,1,0,0,1,0
2022-07-20,788,quoted+camelCase,1,1,1,1,1,1,1,1,0,0,1,0
2022-07-21,788,quoted+camelCase,1,1,1,1,1,1,1,1,0,0,1,0
2022-07-22,788,quoted+camelCase,1,1,1,1,1,1,1,1,0,0,1,0
2022-07-23,788,quoted+camelCase,1,1,1,1,1,1,1,1,0,0,1,0
2022-07-24,788,quoted+camelCase,1,1,1,1,1,1,1,1,0,0,1,0
2022-07-25,788,quoted+camelCase,1,1,1,1,1,1,1,1,0,0,1,0
2022-07-26,788,quoted+camelCase,1,1,1,1,1,1,1,1,0,0,1,0
2022-07-27,788,quoted+camelCase,1,1,1,1,1,1,1,1,0,0,1,0
2022-07-28,788,quoted+camelCase,1,1,1,1,1,1,1,1,0,0,1,0
2022-07-29,789,quoted+camelCase,1,1,1,1,1,1,1,1,0,0,1,0
2022-07-30,789,quoted+camelCase,1,1,1,1,1,1,1,1,0,0,1,0
2022-07-31,789,quoted+camelCase,1,1,1,1,1,1,1,1,0,0,1,0
2022-08-01,789,quoted+camelCase,1,1,1,1,1,1,1,1,0,0,1,0
2022-08-02,789,quoted+camelCase,1,1,1,1,1,1,1,1,0,0,1,0
2022-08-03,789,quoted+camelCase,1,1,1,1,1,1,1,1,0,0,1,0
2022-08-04,789,quoted+camelCase,1,1,1,1,1,1,1,1,0,0,1,0
2022-08-05,790,BOM+bare+camelCase,1,1,1,1,1,1,1,1,0,0,1,0
2022-08-06,790,BOM+bare+camelCase,1,1,1,1,1,1,1,1,0,0,1,0
2022-08-07,790,BOM+bare+camelCase,1,1,1,1,1,1,1,1,0,0,1,0
2022-08-08,790,BOM+bare+camelCase,1,1,1,1,1,1,1,1,0,0,1,0
2022-08-09,792,bare+camelCase,1,1,1,1,1,1,1,1,0,0,1,0
2022-08-10,792,bare+camelCase,1,1,1,1,1,1,1,1,0,0,1,0
2022-08-11,794,quoted+camelCase,1,1,1,1,1,1,1,1,0,0,1,0
2022-08-12,794,quoted+camelCase,1,1,1,1,1,1,1,1,0,0,1,0
2022-08-13,794,quoted+camelCase,1,1,1,1,1,1,1,1,0,0,1,0
2022-08-14,794,quoted+camelCase,1,1,1,1,1,1,1,1,0,0,1,0
2022-08-15,794,quoted+camelCase,1,1,1,1,1,1,1,1,0,0,1,0
2022-08-16,794,quoted+camelCase,1,1,1,1,1,1,1,1,0,0,1,0
2022-08-17,794,quoted+camelCase,1,1,1,1,1,1,1,1,0,0,1,0
2022-08-18,794,quoted+camelCase,1,1,1,1,1,1,1,1,0,0,1,0
2022-08-19,801,quoted+camelCase,1,1,1,1,1,1,1,1,0,0,1,0
2022-08-20,801,quoted+camelCase,1,1,1,1,1,1,1,1,0,0,1,0
2022-08-21,801,quoted+camelCase,1,1,1,1,1,1,1,1,0,0,1,0
2022-08-22,802,quoted+camelCase,1,1,1,1,1,1,1,1,0,0,1,0
2022-08-23,802,quoted+camelCase,1,1,1,1,1,1,1,1,0,0,1,0
2022-08-24,802,quoted+camelCase,1,1,1,1,1,1,1,1,0,0,1,0
2022-08-25,812,quoted+camelCase,1,1,1,1,1,1,1,1,0,0,1,0
2022-08-26,812,quoted+camelCase,1,1,1,1,1,1,1,1,0,0,1,0
2022-08-27,812,quoted+camelCase,1,1,1,1,1,1,1,1,0,0,1,0
2022-08-28,812,quoted+camelCase,1,1,1,1,1,1,1,1,0,0,1,0
2022-08-29,812,quoted+camelCase,1,1,1,1,1,1,1,1,0,0,1,0
2022-08-30,812,quoted+camelCase,1,1,1,1,1,1,1,1,0,0,1,0
2022-08-31,812,quoted+camelCase,1,1,1,1,1,1,1,1,0,0,1,0
2022-09-01,812,quoted+camelCase,1,1,1,1,1,1,1,1,0,0,1,0
2022-09-02,812,quoted+camelCase,1,1,1,1,1,1,1,1,0,0,1,0
2022-09-03,812,quoted+camelCase,1,1,1,1,1,1,1,1,0,0,1,0
2022-09-04,812,quoted+camelCase,1,1,1,1,1,1,1,1,0,0,1,0
2022-09-05,812,quoted+camelCase,1,1,1,1,1,1,1,1,0,0,1,0
2022-09-06,812,quoted+camelCase,1,1,1,1,1,1,1,1,0,0,1,0
2022-09-07,812,quoted+camelCase,1,1,1,1,1,1,1,1,0,0,1,0
2022-09-08,824,quoted+camelCase,1,1,1,1,1,1,1,1,0,0,1,0
2022-09-09,824,quoted+camelCase,1,1,1,1,1,1,1,1,0,0,1,0
2022-09-10,824,quoted+camelCase,1,1,1,1,1,1,1,1,0,0,1,0
2022-09-11,824,quoted+camelCase,1,1,1,1,1,1,1,1,0,0,1,0
2022-09-12,824,quoted+camelCase,1,1,1,1,1,1,1,1,0,0,1,0
2022-09-13,824,quoted+camelCase,1,1,1,1,1,1,1,1,0,0,1,0
2022-09-14,826,quoted+camelCase,1,1,1,1,1,1,1,1,0,0,1,0
2022-09-15,826,quoted+camelCase,1,1,1,1,1,1,1,1,0,0,1,0
2022-09-16,832,quoted+camelCase,1,1,1,1,1,1,1,1,0,0,1,0
2022-09-17,832,quoted+camelCase,1,1,1,1,1,1,1,1,0,0,1,0
2022-09-18,832,quoted+camelCase,1,1,1,1,1,1,1,1,0,0,1,0
2022-09-19,832,quoted+camelCase,1,1,1,1,1,1,1,1,0,0,1,0
2022-09-20,832,quoted+camelCase,1,1,1,1,1,1,1,1,0,0,1,0
2022-09-21,832,quoted+camelCase,1,1,1,1,1,1,1,1,0,0,1,0
2022-09-22,832,quoted+camelCase,1,1,1,1,1,1,1,1,0,0,1,0
2022-09-23,833,quoted+camelCase,1,1,1,1,1,1,1,1,0,0,1,0
2022-09-24,834,quoted+camelCase,1,1,1,1,1,1,1,1,0,0,1,0
2022-09-25,834,quoted+camelCase,1,1,1,1,1,1,1,1,0,0,1,0
2022-09-26,834,quoted+camelCase,1,1,1,1,1,1,1,1,0,0,1,0
2022-09-27,834,quoted+camelCase,1,1,1,1,1,1,1,1,0,0,1,0
2022-09-28,834,quoted+camelCase,1,1,1,1,1,1,1,1,0,0,1,0
2022-09-29,834,quoted+camelCase,1,1,1,1,1,1,1,1,0,0,1,0
2022-09-30,837,quoted+camelCase,1,1,1,1,1,1,1,1,0,0,1,0
2022-10-01,837,quoted+camelCase,1,1,1,1,1,1,1,1,0,0,1,0
2022-10-02,837,quoted+camelCase,1,1,1,1,1,1,1,1,0,0,1,0
2022-10-03,837,quoted+camelCase,1,1,1,1,1,1,1,1,0,0,1,0
2022-10-04,837,quoted+camelCase,1,1,1,1,1,1,1,1,0,0,1,0
2022-10-05,837,quoted+camelCase,1,1,1,1,1,1,1,1,0,0,1,0
2022-10-06,837,quoted+camelCase,1,1,1,1,1,1,1,1,0,0,1,0
2022-10-07,837,quoted+camelCase,1,1,1,1,1,1,1,1,0,0,1,0
2022-10-08,837,quoted+camelCase,1,1,1,1,1,1,1,1,0,0,1,0
2022-10-09,837,quoted+camelCase,1,1,1,1,1,1,1,1,0,0,1,0
2022-10-10,837,quoted+camelCase,1,1,1,1,1,1,1,1,0,0,1,0
2022-10-11,838,quoted+camelCase,1,1,1,1,1,1,1,1,0,0,1,0
2022-10-12,839,quoted+camelCase,1,1,1,1,1,1,1,1,0,0,1,0
2022-10-13,839,quoted+camelCase,1,1,1,1,1,1,1,1,0,0,1,0
2022-10-14,839,quoted+camelCase,1,1,1,1,1,1,1,1,0,0,1,0
2022-10-15,839,quoted+camelCase,1,1,1,1,1,1,1,1,0,0,1,0
2022-10-16,839,quoted+camelCase,1,1,1,1,1,1,1,1,0,0,1,0
2022-10-17,839,quoted+camelCase,1,1,1,1,1,1,1,1,0,0,1,0
2022-10-18,839,quoted+camelCase,1,1,1,1,1,1,1,1,0,0,1,0
2022-10-19,839,quoted+camelCase,1,1,1,1,1,1,1,1,0,0,1,0
2022-10-20,841,quoted+camelCase,1,1,1,1,1,1,1,1,0,0,1,0
2022-10-21,841,quoted+camelCase,1,1,1,1,1,1,1,1,0,0,1,0
2022-10-22,841,quoted+camelCase,1,1,1,1,1,1,1,1,0,0,1,0
2022-10-23,841,quoted+camelCase,1,1,1,1,1,1,1,1,0,0,1,0
2022-10-24,847,quoted+camelCase,1,1,1,1,1,1,1,1,0,0,1,0
2022-10-25,848,quoted+camelCase,1,1,1,1,1,1,1,1,0,0,1,0
2022-10-26,848,quoted+camelCase,1,1,1,1,1,1,1,1,0,0,1,0
2022-10-27,848,quoted+camelCase,1,1,1,1,1,1,1,1,0,0,1,0
2022-10-28,848,quoted+camelCase,1,1,1,1,1,1,1,1,0,0,1,0
2022-10-29,849,quoted+camelCase,1,1,1,1,1,1,1,1,0,0,1,0
2022-10-30,849,quoted+camelCase,1,1,1,1,1,1,1,1,0,0,1,0
2022-10-31,849,quoted+camelCase,1,1,1,1,1,1,1,1,0,0,1,0
2022-11-01,849,quoted+camelCase,1,1,1,1,1,1,1,1,0,0,1,0
2022-11-02,849,quoted+camelCase,1,1,1,1,1,1,1,1,0,0,1,0
2022-11-03,849,quoted+camelCase,1,1,1,1,1,1,1,1,0,0,1,0
2022-11-04,849,quoted+camelCase,1,1,1,1,1,1,1,1,0,0,1,0
2022-11-05,849,quoted+camelCase,1,1,1,1,1,1,1,1,0,0,1,0
2022-11-06,849,quoted+camelCase,1,1,1,1,1,1,1,1,0,0,1,0
2022-11-07,849,quoted+camelCase,1,1,1,1,1,1,1,1,0,0,1,0
2022-11-08,849,quoted+camelCase,1,1,1,1,1,1,1,1,0,0,1,0
2022-11-09,856,quoted+camelCase,1,1,1,1,1,1,1,1,0,0,1,0
2022-11-10,856,quoted+camelCase,1,1,1,1,1,1,1,1,0,0,1,0
2022-11-11,856,quoted+camelCase,1,1,1,1,1,1,1,1,0,0,1,0
2022-11-12,856,quoted+camelCase,1,1,1,1,1,1,1,1,0,0,1,0
2022-11-13,856,quoted+camelCase,1,1,1,1,1,1,1,1,0,0,1,0
2022-11-14,856,quoted+camelCase,1,1,1,1,1,1,1,1,0,0,1,0
2022-11-15,857,quoted+camelCase,1,1,1,1,1,1,1,1,0,0,1,0
2022-11-16,857,quoted+camelCase,1,1,1,1,1,1,1,1,0,0,1,0
2022-11-17,857,quoted+camelCase,1,1,1,1,1,1,1,1,0,0,1,0
2022-11-18,857,quoted+camelCase,1,1,1,1,1,1,1,1,0,0,1,0
2022-11-19,857,quoted+camelCase,1,1,1,1,1,1,1,1,0,0,1,0
2022-11-20,857,quoted+camelCase,1,1,1,1,1,1,1,1,0,0,1,0
2022-11-21,857,quoted+camelCase,1,1,1,1,1,1,1,1,0,0,1,0
2022-11-22,857,quoted+camelCase,1,1,1,1,1,1,1,1,0,0,1,0
2022-11-23,857,quoted+camelCase,1,1,1,1,1,1,1,1,0,0,1,0
2022-11-24,857,quoted+camelCase,1,1,1,1,1,1,1,1,0,0,1,0
2022-11-25,857,quoted+camelCase,1,1,1,1,1,1,1,1,0,0,1,0
2022-11-26,857,quoted+camelCase,1,1,1,1,1,1,1,1,0,0,1,0
2022-11-27,857,quoted+camelCase,1,1,1,1,1,1,1,1,0,0,1,0
2022-11-28,857,quoted+camelCase,1,1,1,1,1,1,1,1,0,0,1,0
2022-11-29,859,quoted+camelCase,1,1,1,1,1,1,1,1,0,0,1,0
2022-11-30,859,quoted+camelCase,1,1,1,1,1,1,1,1,0,0,1,0
2022-12-01,859,quoted+camelCase,1,1,1,1,1,1,1,1,0,0,1,0
2022-12-02,859,quoted+camelCase,1,1,1,1,1,1,1,1,0,0,1,0
2022-12-03,859,quoted+camelCase,1,1,1,1,1,1,1,1,0,0,1,0
2022-12-04,859,quoted+camelCase,1,1,1,1,1,1,1,1,0,0,1,0
2022-12-05,859,quoted+camelCase,1,1,1,1,1,1,1,1,0,0,1,0
2022-12-06,860,quoted+camelCase,1,1,1,1,1,1,1,1,0,0,1,0
2022-12-07,860,quoted+camelCase,1,1,1,1,1,1,1,1,0,0,1,0
2022-12-08,860,quoted+camelCase,1,1,1,1,1,1,1,1,0,0,1,0
2022-12-09,860,quoted+camelCase,1,1,1,1,1,1,1,1,0,0,1,0
2022-12-10,860,quoted+camelCase,1,1,1,1,1,1,1,1,0,0,1,0
2022-12-11,860,quoted+camelCase,1,1,1,1,1,1,1,1,0,0,1,0
2022-12-12,860,quoted+camelCase,1,1,1,1,1,1,1,1,0,0,1,0
2022-12-13,860,quoted+camelCase,1,1,1,1,1,1,1,1,0,0,1,0
2022-12-14,865,quoted+camelCase,1,1,1,1,1,1,1,1,0,0,1,0
2022-12-15,866,quoted+camelCase,1,1,1,1,1,1,1,1,0,0,1,0
2022-12-16,866,quoted+camelCase,1,1,1,1,1,1,1,1,0,0,1,0
2022-12-17,866,quoted+camelCase,1,1,1,1,1,1,1,1,0,0,1,0
2022-12-18,866,quoted+camelCase,1,1,1,1,1,1,1,1,0,0,1,0
2022-12-19,866,quoted+camelCase,1,1,1,1,1,1,1,1,0,0,1,0
2022-12-20,866,quoted+camelCase,1,1,1,1,1,1,1,1,0,0,1,0
2022-12-21,866,quoted+camelCase,1,1,1,1,1,1,1,1,0,0,1,0
2022-12-22,866,quoted+camelCase,1,1,1,1,1,1,1,1,0,0,1,0
2022-12-23,866,quoted+camelCase,1,1,1,1,1,1,1,1,0,0,1,0
2022-12-24,866,quoted+camelCase,1,1,1,1,1,1,1,1,0,0,1,0
2022-12-25,866,quoted+camelCase,1,1,1,1,1,1,1,1,0,0,1,0
2022-12-26,866,quoted+camelCase,1,1,1,1,1,1,1,1,0,0,1,0
2022-12-27,866,quoted+camelCase,1,1,1,1,1,1,1,1,0,0,1,0
2022-12-28,866,quoted+camelCase,1,1,1,1,1,1,1,1,0,0,1,0
2022-12-29,866,quoted+camelCase,1,1,1,1,1,1,1,1,0,0,1,0
2022-12-30,868,quoted+camelCase,1,1,1,1,1,1,1,1,0,0,1,0
2022-12-31,868,quoted+camelCase,1,1,1,1,1,1,1,1,0,0,1,0
2023-01-01,868,quoted+camelCase,1,1,1,1,1,1,1,1,0,0,1,0
2023-01-02,868,quoted+camelCase,1,1,1,1,1,1,1,1,0,0,1,0
2023-01-03,868,quoted+camelCase,1,1,1,1,1,1,1,1,0,0,1,0
2023-01-04,868,quoted+camelCase,1,1,1,1,1,1,1,1,0,0,1,0
2023-01-05,868,quoted+camelCase,1,1,1,1,1,1,1,1,0,0,1,0
2023-01-06,868,quoted+camelCase,1,1,1,1,1,1,1,1,0,0,1,0
2023-01-07,868,quoted+camelCase,1,1,1,1,1,1,1,1,0,0,1,0
2023-01-08,868,quoted+camelCase,1,1,1,1,1,1,1,1,0,0,1,0
2023-01-09,868,quoted+camelCase,1,1,1,1,1,1,1,1,0,0,1,0
2023-01-10,868,quoted+camelCase,1,1,1,1,1,1,1,1,0,0,1,0
2023-01-11,870,quoted+camelCase,1,1,1,1,1,1,1,1,0,0,1,0
2023-01-12,870,quoted+camelCase,1,1,1,1,1,1,1,1,0,0,1,0
2023-01-13,870,quoted+camelCase,1,1,1,1,1,1,1,1,0,0,1,0
2023-01-14,870,quoted+camelCase,1,1,1,1,1,1,1,1,0,0,1,0
2023-01-15,870,quoted+camelCase,1,1,1,1,1,1,1,1,0,0,1,0
2023-01-16,870,quoted+camelCase,1,1,1,1,1,1,1,1,0,0,1,0
2023-01-17,870,quoted+camelCase,1,1,1,1,1,1,1,1,0,0,1,0
2023-01-18,871,quoted+camelCase,1,1,1,1,1,1,1,1,0,0,1,0
2023-01-19,871,quoted+camelCase,1,1,1,1,1,1,1,1,0,0,1,0
2023-01-20,871,quoted+camelCase,1,1,1,1,1,1,1,1,0,0,1,0
2023-01-21,871,quoted+camelCase,1,1,1,1,1,1,1,1,0,0,1,0
2023-01-22,871,quoted+camelCase,1,1,1,1,1,1,1,1,0,0,1,0
2023-01-23,872,quoted+camelCase,1,1,1,1,1,1,1,1,0,0,1,0
2023-01-24,872,quoted+camelCase,1,1,1,1,1,1,1,1,0,0,1,0
2023-01-25,872,quoted+camelCase,1,1,1,1,1,1,1,1,0,0,1,0
2023-01-26,873,quoted+camelCase,1,1,1,1,1,1,1,1,0,0,1,0
2023-01-27,873,quoted+camelCase,1,1,1,1,1,1,1,1,0,0,1,0
2023-01-28,873,quoted+camelCase,1,1,1,1,1,1,1,1,0,0,1,0
2023-01-29,873,quoted+camelCase,1,1,1,1,1,1,1,1,0,0,1,0
2023-01-30,873,quoted+camelCase,1,1,1,1,1,1,1,1,0,0,1,0
2023-01-31,873,quoted+camelCase,1,1,1,1,1,1,1,1,0,0,1,0
2023-02-01,873,quoted+camelCase,1,1,1,1,1,1,1,1,0,0,1,0
2023-02-02,875,quoted+camelCase,1,1,1,1,1,1,1,1,0,0,1,0
2023-02-03,875,quoted+camelCase,1,1,1,1,1,1,1,1,0,0,1,0
2023-02-04,875,quoted+camelCase,1,1,1,1,1,1,1,1,0,0,1,0
2023-02-05,875,quoted+camelCase,1,1,1,1,1,1,1,1,0,0,1,0
2023-02-06,875,quoted+camelCase,1,1,1,1,1,1,1,1,0,0,1,0
2023-02-07,875,quoted+camelCase,1,1,1,1,1,1,1,1,0,0,1,0
2023-02-08,875,quoted+camelCase,1,1,1,1,1,1,1,1,0,0,1,0
2023-02-09,875,quoted+camelCase,1,1,1,1,1,1,1,1,0,0,1,0
2023-02-10,878,quoted+camelCase,1,1,1,1,1,1,1,1,0,0,1,0
2023-02-11,878,quoted+camelCase,1,1,1,1,1,1,1,1,0,0,1,0
2023-02-12,878,quoted+camelCase,1,1,1,1,1,1,1,1,0,0,1,0
2023-02-13,878,quoted+camelCase,1,1,1,1,1,1,1,1,0,0,1,0
2023-02-14,878,quoted+camelCase,1,1,1,1,1,1,1,1,0,0,1,0
2023-02-15,882,quoted+camelCase,1,1,1,1,1,1,1,1,0,0,1,0
2023-02-16,883,quoted+camelCase,1,1,1,1,1,1,1,1,0,0,1,0
2023-02-17,883,quoted+camelCase,1,1,1,1,1,1,1,1,0,0,1,0
2023-02-18,883,quoted+camelCase,1,1,1,1,1,1,1,1,0,0,1,0
2023-02-19,883,quoted+camelCase,1,1,1,1,1,1,1,1,0,0,1,0
2023-02-20,883,quoted+camelCase,1,1,1,1,1,1,1,1,0,0,1,0
2023-02-21,886,quoted+camelCase,1,1,1,1,1,1,1,1,0,0,1,0
2023-02-22,886,quoted+camelCase,1,1,1,1,1,1,1,1,0,0,1,0
2023-02-23,886,quoted+camelCase,1,1,1,1,1,1,1,1,0,0,1,0
2023-02-24,886,quoted+camelCase,1,1,1,1,1,1,1,1,0,0,1,0
2023-02-25,886,quoted+camelCase,1,1,1,1,1,1,1,1,0,0,1,0
2023-02-26,886,quoted+camelCase,1,1,1,1,1,1,1,1,0,0,1,0
2023-02-27,887,quoted+camelCase,1,1,1,1,1,1,1,1,0,0,1,0
2023-02-28,887,quoted+camelCase,1,1,1,1,1,1,1,1,0,0,1,0
2023-03-01,887,quoted+camelCase,1,1,1,1,1,1,1,1,0,0,1,0
2023-03-02,887,quoted+camelCase,1,1,1,1,1,1,1,1,0,0,1,0
2023-03-03,887,quoted+camelCase,1,1,1,1,1,1,1,1,0,0,1,0
2023-03-04,887,quoted+camelCase,1,1,1,1,1,1,1,1,0,0,1,0
2023-03-05,887,quoted+camelCase,1,1,1,1,1,1,1,1,0,0,1,0
2023-03-06,887,quoted+camelCase,1,1,1,1,1,1,1,1,0,0,1,0
2023-03-07,890,quoted+camelCase,1,1,1,1,1,1,1,1,0,0,1,0
2023-03-08,890,quoted+camelCase,1,1,1,1,1,1,1,1,0,0,1,0
2023-03-09,890,quoted+camelCase,1,1,1,1,1,1,1,1,0,0,1,0
2023-03-10,892,bare+camelCase,1,1,1,1,1,1,1,1,0,0,1,0
2023-03-11,892,bare+camelCase,1,1,1,1,1,1,1,1,0,0,1,0
2023-03-12,892,bare+camelCase,1,1,1,1,1,1,1,1,0,0,1,0
2023-03-13,892,bare+camelCase,1,1,1,1,1,1,1,1,0,0,1,0
2023-03-14,895,quoted+camelCase,1,1,1,1,1,1,1,1,0,0,1,0
2023-03-15,896,bare+camelCase,1,1,1,1,1,1,1,1,0,0,1,0
2023-03-16,896,quoted+camelCase,1,1,1,1,1,1,1,1,0,0,1,0
2023-03-17,896,quoted+camelCase,1,1,1,1,1,1,1,1,0,0,1,0
2023-03-18,896,quoted+camelCase,1,1,1,1,1,1,1,1,0,0,1,0
2023-03-19,896,quoted+camelCase,1,1,1,1,1,1,1,1,0,0,1,0
2023-03-20,896,quoted+camelCase,1,1,1,1,1,1,1,1,0,0,1,0
2023-03-21,896,quoted+camelCase,1,1,1,1,1,1,1,1,0,0,1,0
2023-03-22,896,quoted+camelCase,1,1,1,1,1,1,1,1,0,0,1,0
2023-03-23,896,quoted+camelCase,1,1,1,1,1,1,1,1,0,0,1,0
2023-03-24,896,quoted+camelCase,1,1,1,1,1,1,1,1,0,0,1,0
2023-03-25,896,quoted+camelCase,1,1,1,1,1,1,1,1,0,0,1,0
2023-03-26,896,quoted+camelCase,1,1,1,1,1,1,1,1,0,0,1,0
2023-03-27,896,quoted+camelCase,1,1,1,1,1,1,1,1,0,0,1,0
2023-03-28,896,quoted+camelCase,1,1,1,1,1,1,1,1,0,0,1,0
2023-03-29,896,quoted+camelCase,1,1,1,1,1,1,1,1,0,0,1,0
2023-03-30,906,quoted+camelCase,1,1,1,1,1,1,1,1,0,0,1,0
2023-03-31,905,quoted+camelCase,1,1,1,1,1,1,1,1,0,0,1,0
2023-04-01,905,quoted+camelCase,1,1,1,1,1,1,1,1,0,0,1,0
2023-04-02,905,quoted+camelCase,1,1,1,1,1,1,1,1,0,0,1,0
2023-04-03,906,quoted+camelCase,1,1,1,1,1,1,1,1,0,0,1,0
2023-04-04,906,quoted+camelCase,1,1,1,1,1,1,1,1,0,0,1,0
2023-04-05,906,quoted+camelCase,1,1,1,1,1,1,1,1,0,0,1,0
2023-04-06,906,quoted+camelCase,1,1,1,1,1,1,1,1,0,0,1,0
2023-04-07,911,quoted+camelCase,1,1,1,1,1,1,1,1,0,0,1,0
2023-04-08,911,quoted+camelCase,1,1,1,1,1,1,1,1,0,0,1,0
2023-04-09,911,quoted+camelCase,1,1,1,1,1,1,1,1,0,0,1,0
2023-04-10,913,quoted+camelCase,1,1,1,1,1,1,1,1,0,0,1,0
2023-04-11,914,quoted+camelCase,1,1,1,1,1,1,1,1,0,0,1,0
2023-04-12,914,quoted+camelCase,1,1,1,1,1,1,1,1,0,0,1,0
2023-04-13,916,quoted+camelCase,1,1,1,1,1,1,1,1,0,0,1,0
2023-04-14,916,quoted+camelCase,1,1,1,1,1,1,1,1,0,0,1,0
2023-04-15,916,quoted+camelCase,1,1,1,1,1,1,1,1,0,0,1,0
2023-04-16,916,quoted+camelCase,1,1,1,1,1,1,1,1,0,0,1,0
2023-04-17,918,quoted+camelCase,1,1,1,1,1,1,1,1,0,0,1,0
2023-04-18,918,quoted+camelCase,1,1,1,1,1,1,1,1,0,0,1,0
2023-04-19,919,quoted+camelCase,1,1,1,1,1,1,1,1,0,0,1,0
2023-04-20,919,quoted+camelCase,1,1,1,1,1,1,1,1,0,0,1,0
2023-04-21,922,quoted+camelCase,1,1,1,1,1,1,1,1,0,0,1,0
2023-04-22,922,quoted+camelCase,1,1,1,1,1,1,1,1,0,0,1,0
2023-04-23,922,quoted+camelCase,1,1,1,1,1,1,1,1,0,0,1,0
2023-04-24,922,quoted+camelCase,1,1,1,1,1,1,1,1,0,0,1,0
2023-04-25,922,quoted+camelCase,1,1,1,1,1,1,1,1,0,0,1,0
2023-04-26,922,quoted+camelCase,1,1,1,1,1,1,1,1,0,0,1,0
2023-04-27,922,quoted+camelCase,1,1,1,1,1,1,1,1,0,0,1,0
2023-04-28,922,quoted+camelCase,1,1,1,1,1,1,1,1,0,0,1,0
2023-04-29,922,quoted+camelCase,1,1,1,1,1,1,1,1,0,0,1,0
2023-04-30,922,quoted+camelCase,1,1,1,1,1,1,1,1,0,0,1,0
2023-05-01,925,quoted+camelCase,1,1,1,1,1,1,1,1,0,0,1,0
2023-05-02,925,quoted+camelCase,1,1,1,1,1,1,1,1,0,0,1,0
2023-05-03,925,quoted+camelCase,1,1,1,1,1,1,1,1,0,0,1,0
2023-05-04,925,quoted+camelCase,1,1,1,1,1,1,1,1,0,0,1,0
2023-05-05,925,quoted+camelCase,1,1,1,1,1,1,1,1,0,0,1,0
2023-05-06,925,quoted+camelCase,1,1,1,1,1,1,1,1,0,0,1,0
2023-05-07,925,quoted+camelCase,1,1,1,1,1,1,1,1,0,0,1,0
2023-05-08,925,quoted+camelCase,1,1,1,1,1,1,1,1,0,0,1,0
2023-05-09,925,quoted+camelCase,1,1,1,1,1,1,1,1,0,0,1,0
2023-05-11,926,quoted+camelCase,1,1,1,1,1,1,1,1,0,0,1,0
2023-05-12,933,quoted+camelCase,1,1,1,1,1,1,1,1,0,0,1,0
2023-05-13,933,quoted+camelCase,1,1,1,1,1,1,1,1,0,0,1,0
2023-05-14,933,quoted+camelCase,1,1,1,1,1,1,1,1,0,0,1,0
2023-05-15,933,quoted+camelCase,1,1,1,1,1,1,1,1,0,0,1,0
2023-05-16,933,quoted+camelCase,1,1,1,1,1,1,1,1,0,0,1,0
2023-05-17,933,quoted+camelCase,1,1,1,1,1,1,1,1,0,0,1,0
2023-05-18,933,quoted+camelCase,1,1,1,1,1,1,1,1,0,0,1,0
2023-05-19,936,quoted+camelCase,1,1,1,1,1,1,1,1,0,0,1,0
2023-05-20,936,quoted+camelCase,1,1,1,1,1,1,1,1,0,0,1,0
2023-05-21,936,quoted+camelCase,1,1,1,1,1,1,1,1,0,0,1,0
2023-05-22,939,quoted+camelCase,1,1,1,1,1,1,1,1,0,0,1,0
2023-05-23,939,quoted+camelCase,1,1,1,1,1,1,1,1,0,0,1,0
2023-05-24,939,quoted+camelCase,1,1,1,1,1,1,1,1,0,0,1,0
2023-05-25,939,quoted+camelCase,1,1,1,1,1,1,1,1,0,0,1,0
2023-05-26,940,quoted+camelCase,1,1,1,1,1,1,1,1,0,0,1,0
2023-05-27,940,quoted+camelCase,1,1,1,1,1,1,1,1,0,0,1,0
2023-05-28,940,quoted+camelCase,1,1,1,1,1,1,1,1,0,0,1,0
2023-05-29,940,quoted+camelCase,1,1,1,1,1,1,1,1,0,0,1,0
2023-05-30,940,quoted+camelCase,1,1,1,1,1,1,1,1,0,0,1,0
2023-05-31,941,quoted+camelCase,1,1,1,1,1,1,1,1,0,0,1,0
2023-06-01,941,quoted+camelCase,1,1,1,1,1,1,1,1,0,0,1,0
2023-06-02,942,quoted+camelCase,1,1,1,1,1,1,1,1,0,0,1,0
2023-06-03,942,quoted+camelCase,1,1,1,1,1,1,1,1,0,0,1,0
2023-06-04,942,quoted+camelCase,1,1,1,1,1,1,1,1,0,0,1,0
2023-06-05,944,quoted+camelCase,1,1,1,1,1,1,1,1,0,0,1,0
2023-06-06,944,quoted+camelCase,1,1,1,1,1,1,1,1,0,0,1,0
2023-06-07,944,quoted+camelCase,1,1,1,1,1,1,1,1,0,0,1,0
2023-06-08,945,quoted+camelCase,1,1,1,1,1,1,1,1,0,0,1,0
2023-06-09,945,quoted+camelCase,1,1,1,1,1,1,1,1,0,0,1,0
2023-06-10,945,quoted+camelCase,1,1,1,1,1,1,1,1,0,0,1,0
2023-06-11,945,quoted+camelCase,1,1,1,1,1,1,1,1,0,0,1,0
2023-06-12,945,quoted+camelCase,1,1,1,1,1,1,1,1,0,0,1,0
2023-06-13,946,quoted+camelCase,1,1,1,1,1,1,1,1,0,0,1,0
2023-06-14,946,quoted+camelCase,1,1,1,1,1,1,1,1,0,0,1,0
2023-06-15,946,quoted+camelCase,1,1,1,1,1,1,1,1,0,0,1,0
2023-06-16,946,quoted+camelCase,1,1,1,1,1,1,1,1,0,0,1,0
2023-06-17,946,quoted+camelCase,1,1,1,1,1,1,1,1,0,0,1,0
2023-06-18,946,quoted+camelCase,1,1,1,1,1,1,1,1,0,0,1,0
2023-06-19,946,quoted+camelCase,1,1,1,1,1,1,1,1,0,0,1,0
2023-06-20,946,quoted+camelCase,1,1,1,1,1,1,1,1,0,0,1,0
2023-06-21,946,quoted+camelCase,1,1,1,1,1,1,1,1,0,0,1,0
2023-06-22,952,quoted+camelCase,1,1,1,1,1,1,1,1,0,0,1,0
2023-06-23,957,quoted+camelCase,1,1,1,1,1,1,1,1,0,0,1,0
2023-06-24,957,quoted+camelCase,1,1,1,1,1,1,1,1,0,0,1,0
2023-06-25,957,quoted+camelCase,1,1,1,1,1,1,1,1,0,0,1,0
2023-06-26,957,quoted+camelCase,1,1,1,1,1,1,1,1,0,0,1,0
2023-06-27,957,quoted+camelCase,1,1,1,1,1,1,1,1,0,0,1,0
2023-06-28,957,quoted+camelCase,1,1,1,1,1,1,1,1,0,0,1,0
2023-06-29,965,quoted+camelCase,1,1,1,1,1,1,1,1,0,0,1,0
2023-06-30,965,quoted+camelCase,1,1,1,1,1,1,1,1,0,0,1,0
2023-07-01,965,quoted+camelCase,1,1,1,1,1,1,1,1,0,0,1,0
2023-07-02,965,quoted+camelCase,1,1,1,1,1,1,1,1,0,0,1,0
2023-07-03,965,quoted+camelCase,1,1,1,1,1,1,1,1,0,0,1,0
2023-07-04,965,quoted+camelCase,1,1,1,1,1,1,1,1,0,0,1,0
2023-07-05,965,quoted+camelCase,1,1,1,1,1,1,1,1,0,0,1,0
2023-07-06,965,quoted+camelCase,1,1,1,1,1,1,1,1,0,0,1,0
2023-07-07,966,quoted+camelCase,1,1,1,1,1,1,1,1,0,0,1,0
2023-07-08,966,quoted+camelCase,1,1,1,1,1,1,1,1,0,0,1,0
2023-07-09,966,quoted+camelCase,1,1,1,1,1,1,1,1,0,0,1,0
2023-07-10,966,quoted+camelCase,1,1,1,1,1,1,1,1,0,0,1,0
2023-07-11,971,quoted+camelCase,1,1,1,1,1,1,1,1,0,0,1,0
2023-07-12,971,quoted+camelCase,1,1,1,1,1,1,1,1,0,0,1,0
2023-07-13,973,quoted+camelCase,1,1,1,1,1,1,1,1,0,0,1,0
2023-07-14,973,quoted+camelCase,1,1,1,1,1,1,1,1,0,0,1,0
2023-07-15,973,quoted+camelCase,1,1,1,1,1,1,1,1,0,0,1,0
2023-07-16,973,quoted+camelCase,1,1,1,1,1,1,1,1,0,0,1,0
2023-07-17,973,quoted+camelCase,1,1,1,1,1,1,1,1,0,0,1,0
2023-07-18,974,quoted+camelCase,1,1,1,1,1,1,1,1,0,0,1,0
2023-07-19,975,quoted+camelCase,1,1,1,1,1,1,1,1,0,0,1,0
2023-07-20,977,quoted+camelCase,1,1,1,1,1,1,1,1,0,0,1,0
2023-07-21,977,quoted+camelCase,1,1,1,1,1,1,1,1,0,0,1,0
2023-07-22,977,quoted+camelCase,1,1,1,1,1,1,1,1,0,0,1,0
2023-07-23,977,quoted+camelCase,1,1,1,1,1,1,1,1,0,0,1,0
2023-07-24,977,quoted+camelCase,1,1,1,1,1,1,1,1,0,0,1,0
2023-07-25,978,quoted+camelCase,1,1,1,1,1,1,1,1,0,0,1,0
2023-07-26,979,quoted+camelCase,1,1,1,1,1,1,1,1,0,0,1,0
2023-07-27,980,quoted+camelCase,1,1,1,1,1,1,1,1,0,0,1,0
2023-07-28,980,quoted+camelCase,1,1,1,1,1,1,1,1,0,0,1,0
2023-07-29,980,quoted+camelCase,1,1,1,1,1,1,1,1,0,0,1,0
2023-07-30,980,quoted+camelCase,1,1,1,1,1,1,1,1,0,0,1,0
2023-07-31,981,quoted+camelCase,1,1,1,1,1,1,1,1,0,0,1,0
2023-08-01,981,quoted+camelCase,1,1,1,1,1,1,1,1,0,0,1,0
2023-08-02,981,quoted+camelCase,1,1,1,1,1,1,1,1,0,0,1,0
2023-08-03,981,quoted+camelCase,1,1,1,1,1,1,1,1,0,0,1,0
2023-08-04,981,quoted+camelCase,1,1,1,1,1,1,1,1,0,0,1,0
2023-08-05,981,quoted+camelCase,1,1,1,1,1,1,1,1,0,0,1,0
2023-08-06,981,quoted+camelCase,1,1,1,1,1,1,1,1,0,0,1,0
2023-08-07,982,quoted+camelCase,1,1,1,1,1,1,1,1,0,0,1,0
2023-08-08,982,quoted+camelCase,1,1,1,1,1,1,1,1,0,0,1,0
2023-08-09,983,quoted+camelCase,1,1,1,1,1,1,1,1,0,0,1,0
2023-08-10,983,quoted+camelCase,1,1,1,1,1,1,1,1,0,0,1,0
2023-08-11,983,quoted+camelCase,1,1,1,1,1,1,1,1,0,0,1,0
2023-08-12,983,quoted+camelCase,1,1,1,1,1,1,1,1,0,0,1,0
2023-08-13,983,quoted+camelCase,1,1,1,1,1,1,1,1,0,0,1,0
2023-08-14,983,quoted+camelCase,1,1,1,1,1,1,1,1,0,0,1,0
2023-08-15,983,quoted+camelCase,1,1,1,1,1,1,1,1,0,0,1,0
2023-08-16,984,quoted+camelCase,1,1,1,1,1,1,1,1,0,0,1,0
2023-08-17,984,quoted+camelCase,1,1,1,1,1,1,1,1,0,0,1,0
2023-08-18,984,quoted+camelCase,1,1,1,1,1,1,1,1,0,0,1,0
2023-08-19,984,quoted+camelCase,1,1,1,1,1,1,1,1,0,0,1,0
2023-08-20,984,quoted+camelCase,1,1,1,1,1,1,1,1,0,0,1,0
2023-08-21,985,quoted+camelCase,1,1,1,1,1,1,1,1,0,0,1,0
2023-08-22,987,quoted+camelCase,1,1,1,1,1,1,1,1,0,0,1,0
2023-08-23,987,quoted+camelCase,1,1,1,1,1,1,1,1,0,0,1,0
2023-08-24,989,quoted+camelCase,1,1,1,1,1,1,1,1,0,0,1,0
2023-08-25,989,quoted+camelCase,1,1,1,1,1,1,1,1,0,0,1,0
2023-08-26,989,quoted+camelCase,1,1,1,1,1,1,1,1,0,0,1,0
2023-08-27,989,quoted+camelCase,1,1,1,1,1,1,1,1,0,0,1,0
2023-08-28,989,quoted+camelCase,1,1,1,1,1,1,1,1,0,0,1,0
2023-08-29,989,quoted+camelCase,1,1,1,1,1,1,1,1,0,0,1,0
2023-08-30,989,quoted+camelCase,1,1,1,1,1,1,1,1,0,0,1,0
2023-08-31,989,quoted+camelCase,1,1,1,1,1,1,1,1,0,0,1,0
2023-09-01,989,quoted+camelCase,1,1,1,1,1,1,1,1,0,0,1,0
2023-09-02,989,quoted+camelCase,1,1,1,1,1,1,1,1,0,0,1,0
2023-09-03,989,quoted+camelCase,1,1,1,1,1,1,1,1,0,0,1,0
2023-09-04,989,quoted+camelCase,1,1,1,1,1,1,1,1,0,0,1,0
2023-09-05,989,quoted+camelCase,1,1,1,1,1,1,1,1,0,0,1,0
2023-09-06,990,quoted+camelCase,1,1,1,1,1,1,1,1,0,0,1,0
2023-09-07,990,quoted+camelCase,1,1,1,1,1,1,1,1,0,0,1,0
2023-09-08,990,quoted+camelCase,1,1,1,1,1,1,1,1,0,0,1,0
2023-09-09,990,quoted+camelCase,1,1,1,1,1,1,1,1,0,0,1,0
2023-09-10,990,quoted+camelCase,1,1,1,1,1,1,1,1,0,0,1,0
2023-09-11,992,quoted+camelCase,1,1,1,1,1,1,1,1,0,0,1,0
2023-09-12,992,quoted+camelCase,1,1,1,1,1,1,1,1,0,0,1,0
2023-09-13,997,quoted+camelCase,1,1,1,1,1,1,1,1,0,0,1,0
2023-09-14,998,quoted+camelCase,1,1,1,1,1,1,1,1,0,0,1,0
2023-09-15,998,quoted+camelCase,1,1,1,1,1,1,1,1,0,0,1,0
2023-09-16,998,quoted+camelCase,1,1,1,1,1,1,1,1,0,0,1,0
2023-09-17,998,quoted+camelCase,1,1,1,1,1,1,1,1,0,0,1,0
2023-09-18,1006,quoted+camelCase,1,1,1,1,1,1,1,1,0,0,1,0
2023-09-19,1007,quoted+camelCase,1,1,1,1,1,1,1,1,0,0,1,0
2023-09-20,1007,quoted+camelCase,1,1,1,1,1,1,1,1,0,0,1,0
2023-09-21,1008,quoted+camelCase,1,1,1,1,1,1,1,1,0,0,1,0
2023-09-22,1008,quoted+camelCase,1,1,1,1,1,1,1,1,0,0,1,0
2023-09-23,1008,quoted+camelCase,1,1,1,1,1,1,1,1,0,0,1,0
2023-09-24,1008,quoted+camelCase,1,1,1,1,1,1,1,1,0,0,1,0
2023-09-25,1011,quoted+camelCase,1,1,1,1,1,1,1,1,0,0,1,0
2023-09-26,1011,quoted+camelCase,1,1,1,1,1,1,1,1,0,0,1,0
2023-09-27,1011,quoted+camelCase,1,1,1,1,1,1,1,1,0,0,1,0
2023-09-28,1012,quoted+camelCase,1,1,1,1,1,1,1,1,0,0,1,0
2023-09-29,1012,quoted+camelCase,1,1,1,1,1,1,1,1,0,0,1,0
2023-09-30,1012,quoted+camelCase,1,1,1,1,1,1,1,1,0,0,1,0
2023-10-01,1012,quoted+camelCase,1,1,1,1,1,1,1,1,0,0,1,0
2023-10-02,1013,quoted+camelCase,1,1,1,1,1,1,1,1,0,0,1,0
2023-10-03,1014,quoted+camelCase,1,1,1,1,1,1,1,1,0,0,1,0
2023-10-04,1011,quoted+camelCase,1,1,1,1,1,1,1,1,0,0,1,0
2023-10-05,1014,quoted+camelCase,1,1,1,1,1,1,1,1,0,0,1,0
2023-10-06,1014,quoted+camelCase,1,1,1,1,1,1,1,1,0,0,1,0
2023-10-07,1014,quoted+camelCase,1,1,1,1,1,1,1,1,0,0,1,0
2023-10-08,1014,quoted+camelCase,1,1,1,1,1,1,1,1,0,0,1,0
2023-10-09,1014,quoted+camelCase,1,1,1,1,1,1,1,1,0,0,1,0
2023-10-10,1014,quoted+camelCase,1,1,1,1,1,1,1,1,0,0,1,0
2023-10-11,1019,quoted+camelCase,1,1,1,1,1,1,1,1,0,0,1,0
2023-10-12,1019,quoted+camelCase,1,1,1,1,1,1,1,1,1,0,1,0
2023-10-13,1019,quoted+camelCase,1,1,1,1,1,1,1,1,1,0,1,0
2023-10-14,1019,quoted+camelCase,1,1,1,1,1,1,1,1,1,0,1,0
2023-10-15,1019,quoted+camelCase,1,1,1,1,1,1,1,1,1,0,1,0
2023-10-16,1019,quoted+camelCase,1,1,1,1,1,1,1,1,1,0,1,0
2023-10-17,1020,quoted+camelCase,1,1,1,1,1,1,1,1,1,0,1,0
2023-10-18,1021,quoted+camelCase,1,1,1,1,1,1,1,1,1,0,1,0
2023-10-19,1022,quoted+camelCase,1,1,1,1,1,1,1,1,1,0,1,0
2023-10-20,1022,quoted+camelCase,1,1,1,1,1,1,1,1,1,0,1,0
2023-10-21,1022,quoted+camelCase,1,1,1,1,1,1,1,1,1,0,1,0
2023-10-22,1022,quoted+camelCase,1,1,1,1,1,1,1,1,1,0,1,0
2023-10-23,1022,quoted+camelCase,1,1,1,1,1,1,1,1,1,0,1,0
2023-10-24,1022,quoted+camelCase,1,1,1,1,1,1,1,1,1,0,1,0
2023-10-25,1022,quoted+camelCase,1,1,1,1,1,1,1,1,1,0,1,0
2023-10-26,1023,quoted+camelCase,1,1,1,1,1,1,1,1,1,0,1,0
2023-10-27,1023,quoted+camelCase,1,1,1,1,1,1,1,1,1,0,1,0
2023-10-28,1023,quoted+camelCase,1,1,1,1,1,1,1,1,1,0,1,0
2023-10-29,1023,quoted+camelCase,1,1,1,1,1,1,1,1,1,0,1,0
2023-10-30,1023,quoted+camelCase,1,1,1,1,1,1,1,1,1,0,1,0
2023-10-31,1023,quoted+camelCase,1,1,1,1,1,1,1,1,1,0,1,0
2023-11-01,1025,quoted+camelCase,1,1,1,1,1,1,1,1,1,0,1,0
2023-11-02,1026,quoted+camelCase,1,1,1,1,1,1,1,1,1,0,1,0
2023-11-03,1026,quoted+camelCase,1,1,1,1,1,1,1,1,1,0,1,0
2023-11-04,1026,quoted+camelCase,1,1,1,1,1,1,1,1,1,0,1,0
2023-11-05,1026,quoted+camelCase,1,1,1,1,1,1,1,1,1,0,1,0
2023-11-06,1026,quoted+camelCase,1,1,1,1,1,1,1,1,1,0,1,0
2023-11-07,1027,quoted+camelCase,1,1,1,1,1,1,1,1,1,0,1,0
2023-11-08,1028,quoted+camelCase,1,1,1,1,1,1,1,1,1,0,1,0
2023-11-09,1028,quoted+camelCase,1,1,1,1,1,1,1,1,1,0,1,0
2023-11-10,1028,quoted+camelCase,1,1,1,1,1,1,1,1,1,0,1,0
2023-11-11,1028,quoted+camelCase,1,1,1,1,1,1,1,1,1,0,1,0
2023-11-12,1028,quoted+camelCase,1,1,1,1,1,1,1,1,1,0,1,0
2023-11-13,1034,quoted+camelCase,1,1,1,1,1,1,1,1,1,0,1,0
2023-11-14,1034,quoted+camelCase,1,1,1,1,1,1,1,1,1,0,1,0
2023-11-15,1037,bare+camelCase,1,1,1,1,1,1,1,1,1,0,1,0
2023-11-16,1040,bare+camelCase,1,1,1,1,1,1,1,1,1,0,1,0
2023-11-17,1040,bare+camelCase,1,1,1,1,1,1,1,1,1,0,1,0
2023-11-18,1040,bare+camelCase,1,1,1,1,1,1,1,1,1,0,1,0
2023-11-19,1040,bare+camelCase,1,1,1,1,1,1,1,1,1,0,1,0
2023-11-20,1040,bare+camelCase,1,1,1,1,1,1,1,1,1,0,1,0
2023-11-21,1041,bare+camelCase,1,1,1,1,1,1,1,1,1,0,1,0
2023-11-22,1041,bare+camelCase,1,1,1,1,1,1,1,1,1,0,1,0
2023-11-23,1041,bare+camelCase,1,1,1,1,1,1,1,1,1,0,1,0
2023-11-24,1041,bare+camelCase,1,1,1,1,1,1,1,1,1,0,1,0
2023-11-25,1041,bare+camelCase,1,1,1,1,1,1,1,1,1,0,1,0
2023-11-26,1041,bare+camelCase,1,1,1,1,1,1,1,1,1,0,1,0
2023-11-27,1041,bare+camelCase,1,1,1,1,1,1,1,1,1,0,1,0
2023-11-28,1041,bare+camelCase,1,1,1,1,1,1,1,1,1,0,1,0
2023-11-29,1041,bare+camelCase,1,1,1,1,1,1,1,1,1,0,1,0
2023-11-30,1043,bare+camelCase,1,1,1,1,1,1,1,1,1,0,1,0
2023-12-01,1042,bare+camelCase,1,1,1,1,1,1,1,1,1,0,1,0
2023-12-02,1042,bare+camelCase,1,1,1,1,1,1,1,1,1,0,1,0
2023-12-03,1042,bare+camelCase,1,1,1,1,1,1,1,1,1,0,1,0
2023-12-04,1044,bare+camelCase,1,1,1,1,1,1,1,1,1,0,1,0
2023-12-05,1048,bare+camelCase,1,1,1,1,1,1,1,1,1,0,1,0
2023-12-06,1048,bare+camelCase,1,1,1,1,1,1,1,1,1,0,1,0
2023-12-07,1050,bare+camelCase,1,1,1,1,1,1,1,1,1,0,1,0
2023-12-08,1050,bare+camelCase,1,1,1,1,1,1,1,1,1,0,1,0
2023-12-09,1050,bare+camelCase,1,1,1,1,1,1,1,1,1,0,1,0
2023-12-10,1050,bare+camelCase,1,1,1,1,1,1,1,1,1,0,1,0
2023-12-11,1051,bare+camelCase,1,1,1,1,1,1,1,1,1,0,1,0
2023-12-12,1051,bare+camelCase,1,1,1,1,1,1,1,1,1,0,1,0
2023-12-13,1051,bare+camelCase,1,1,1,1,1,1,1,1,1,0,1,0
2023-12-14,1051,bare+camelCase,1,1,1,1,1,1,1,1,1,0,1,0
2023-12-15,1051,bare+camelCase,1,1,1,1,1,1,1,1,1,0,1,0
2023-12-16,1051,bare+camelCase,1,1,1,1,1,1,1,1,1,0,1,0
2023-12-17,1051,bare+camelCase,1,1,1,1,1,1,1,1,1,0,1,0
2023-12-18,1051,bare+camelCase,1,1,1,1,1,1,1,1,1,0,1,0
2023-12-19,1051,bare+camelCase,1,1,1,1,1,1,1,1,1,0,1,0
2023-12-20,1051,bare+camelCase,1,1,1,1,1,1,1,1,1,0,1,0
2023-12-21,1053,bare+camelCase,1,1,1,1,1,1,1,1,1,0,1,0
2023-12-22,1053,bare+camelCase,1,1,1,1,1,1,1,1,1,0,1,0
2023-12-23,1053,bare+camelCase,1,1,1,1,1,1,1,1,1,0,1,0
2023-12-24,1053,bare+camelCase,1,1,1,1,1,1,1,1,1,0,1,0
2023-12-25,1053,bare+camelCase,1,1,1,1,1,1,1,1,1,0,1,0
2023-12-26,1053,bare+camelCase,1,1,1,1,1,1,1,1,1,0,1,0
2023-12-27,1053,bare+camelCase,1,1,1,1,1,1,1,1,1,0,1,0
2023-12-28,1053,bare+camelCase,1,1,1,1,1,1,1,1,1,0,1,0
2023-12-29,1053,bare+camelCase,1,1,1,1,1,1,1,1,1,0,1,0
2023-12-30,1053,bare+camelCase,1,1,1,1,1,1,1,1,1,0,1,0
2023-12-31,1053,bare+camelCase,1,1,1,1,1,1,1,1,1,0,1,0
2024-01-01,1053,bare+camelCase,1,1,1,1,1,1,1,1,1,0,1,0
2024-01-02,1053,bare+camelCase,1,1,1,1,1,1,1,1,1,0,1,0
2024-01-03,1055,bare+camelCase,1,1,1,1,1,1,1,1,1,0,1,0
2024-01-04,1055,bare+camelCase,1,1,1,1,1,1,1,1,1,0,1,0
2024-01-05,1055,bare+camelCase,1,1,1,1,1,1,1,1,1,0,1,0
2024-01-06,1055,bare+camelCase,1,1,1,1,1,1,1,1,1,0,1,0
2024-01-07,1055,bare+camelCase,1,1,1,1,1,1,1,1,1,0,1,0
2024-01-08,1061,bare+camelCase,1,1,1,1,1,1,1,1,1,0,1,0
2024-01-09,1061,bare+camelCase,1,1,1,1,1,1,1,1,1,0,1,0
2024-01-10,1062,bare+camelCase,1,1,1,1,1,1,1,1,1,0,1,0
2024-01-11,1064,bare+camelCase,1,1,1,1,1,1,1,1,1,0,1,0
2024-01-12,1064,bare+camelCase,1,1,1,1,1,1,1,1,1,0,1,0
2024-01-13,1064,bare+camelCase,1,1,1,1,1,1,1,1,1,0,1,0
2024-01-14,1064,bare+camelCase,1,1,1,1,1,1,1,1,1,0,1,0
2024-01-15,1064,bare+camelCase,1,1,1,1,1,1,1,1,1,0,1,0
2024-01-16,1065,bare+camelCase,1,1,1,1,1,1,1,1,1,0,1,0
2024-01-17,1068,bare+camelCase,1,1,1,1,1,1,1,1,1,0,1,0
2024-01-18,1068,bare+camelCase,1,1,1,1,1,1,1,1,1,0,1,0
2024-01-19,1069,bare+camelCase,1,1,1,1,1,1,1,1,1,0,1,0
2024-01-20,1069,bare+camelCase,1,1,1,1,1,1,1,1,1,0,1,0
2024-01-21,1069,bare+camelCase,1,1,1,1,1,1,1,1,1,0,1,0
2024-01-22,1070,bare+camelCase,1,1,1,1,1,1,1,1,1,0,1,0
2024-01-23,1071,bare+camelCase,1,1,1,1,1,1,1,1,1,0,1,0
2024-01-24,1072,bare+camelCase,1,1,1,1,1,1,1,1,1,0,1,0
2024-01-25,1072,bare+camelCase,1,1,1,1,1,1,1,1,1,0,1,0
2024-01-26,1072,bare+camelCase,1,1,1,1,1,1,1,1,1,0,1,0
2024-01-27,1072,bare+camelCase,1,1,1,1,1,1,1,1,1,0,1,0
2024-01-28,1072,bare+camelCase,1,1,1,1,1,1,1,1,1,0,1,0
2024-01-29,1072,bare+camelCase,1,1,1,1,1,1,1,1,1,0,1,0
2024-01-30,1072,bare+camelCase,1,1,1,1,1,1,1,1,1,0,1,0
2024-01-31,1073,bare+camelCase,1,1,1,1,1,1,1,1,1,0,1,0
2024-02-01,1074,bare+camelCase,1,1,1,1,1,1,1,1,1,0,1,0
2024-02-02,1074,bare+camelCase,1,1,1,1,1,1,1,1,1,0,1,0
2024-02-03,1074,bare+camelCase,1,1,1,1,1,1,1,1,1,0,1,0
2024-02-04,1074,bare+camelCase,1,1,1,1,1,1,1,1,1,0,1,0
2024-02-05,1074,bare+camelCase,1,1,1,1,1,1,1,1,1,0,1,0
2024-02-06,1075,bare+camelCase,1,1,1,1,1,1,1,1,1,0,1,0
2024-02-07,1075,bare+camelCase,1,1,1,1,1,1,1,1,1,0,1,0
2024-02-08,1075,bare+camelCase,1,1,1,1,1,1,1,1,1,0,1,0
2024-02-09,1075,bare+camelCase,1,1,1,1,1,1,1,1,1,0,1,0
2024-02-10,1076,bare+camelCase,1,1,1,1,1,1,1,1,1,0,1,0
2024-02-11,1076,bare+camelCase,1,1,1,1,1,1,1,1,1,0,1,0
2024-02-12,1077,bare+camelCase,1,1,1,1,1,1,1,1,1,0,1,0
2024-02-13,1077,bare+camelCase,1,1,1,1,1,1,1,1,1,0,1,0
2024-02-14,1079,bare+camelCase,1,1,1,1,1,1,1,1,1,0,1,0
2024-02-15,1079,bare+camelCase,1,1,1,1,1,1,1,1,1,0,1,0
2024-02-16,1081,bare+camelCase,1,1,1,1,1,1,1,1,1,0,1,0
2024-02-17,1081,bare+camelCase,1,1,1,1,1,1,1,1,1,0,1,0
2024-02-18,1081,bare+camelCase,1,1,1,1,1,1,1,1,1,0,1,0
2024-02-19,1081,bare+camelCase,1,1,1,1,1,1,1,1,1,0,1,0
2024-02-20,1081,bare+camelCase,1,1,1,1,1,1,1,1,1,0,1,0
2024-02-21,1081,bare+camelCase,1,1,1,1,1,1,1,1,1,0,1,0
2024-02-22,1082,bare+camelCase,1,1,1,1,1,1,1,1,1,0,1,0
2024-02-23,1082,bare+camelCase,1,1,1,1,1,1,1,1,1,0,1,0
2024-02-24,1082,bare+camelCase,1,1,1,1,1,1,1,1,1,0,1,0
2024-02-25,1082,bare+camelCase,1,1,1,1,1,1,1,1,1,0,1,0
2024-02-26,1082,bare+camelCase,1,1,1,1,1,1,1,1,1,0,1,0
2024-02-27,1082,bare+camelCase,1,1,1,1,1,1,1,1,1,0,1,0
2024-02-28,1082,bare+camelCase,1,1,1,1,1,1,1,1,1,0,1,0
2024-02-29,1083,bare+camelCase,1,1,1,1,1,1,1,1,1,0,1,0
2024-03-01,1083,bare+camelCase,1,1,1,1,1,1,1,1,1,0,1,0
2024-03-02,1083,bare+camelCase,1,1,1,1,1,1,1,1,1,0,1,0
2024-03-03,1083,bare+camelCase,1,1,1,1,1,1,1,1,1,0,1,0
2024-03-04,1084,bare+camelCase,1,1,1,1,1,1,1,1,1,0,1,0
2024-03-05,1086,bare+camelCase,1,1,1,1,1,1,1,1,1,0,1,0
2024-03-06,1088,bare+camelCase,1,1,1,1,1,1,1,1,1,0,1,0
2024-03-07,1088,bare+camelCase,1,1,1,1,1,1,1,1,1,0,1,0
2024-03-08,1089,bare+camelCase,1,1,1,1,1,1,1,1,1,0,1,0
2024-03-09,1089,bare+camelCase,1,1,1,1,1,1,1,1,1,0,1,0
2024-03-10,1089,bare+camelCase,1,1,1,1,1,1,1,1,1,0,1,0
2024-03-11,1089,bare+camelCase,1,1,1,1,1,1,1,1,1,0,1,0
2024-03-12,1089,bare+camelCase,1,1,1,1,1,1,1,1,1,0,1,0
2024-03-13,1089,bare+camelCase,1,1,1,1,1,1,1,1,1,0,1,0
2024-03-14,1089,bare+camelCase,1,1,1,1,1,1,1,1,1,0,1,0
2024-03-15,1089,bare+camelCase,1,1,1,1,1,1,1,1,1,0,1,0
2024-03-16,1089,bare+camelCase,1,1,1,1,1,1,1,1,1,0,1,0
2024-03-17,1089,bare+camelCase,1,1,1,1,1,1,1,1,1,0,1,0
2024-03-18,1089,bare+camelCase,1,1,1,1,1,1,1,1,1,0,1,0
2024-03-19,1089,bare+camelCase,1,1,1,1,1,1,1,1,1,0,1,0
2024-03-20,1089,bare+camelCase,1,1,1,1,1,1,1,1,1,0,1,0
2024-03-21,1089,bare+camelCase,1,1,1,1,1,1,1,1,1,0,1,0
2024-03-22,1089,bare+camelCase,1,1,1,1,1,1,1,1,1,0,1,0
2024-03-23,1089,bare+camelCase,1,1,1,1,1,1,1,1,1,0,1,0
2024-03-24,1089,bare+camelCase,1,1,1,1,1,1,1,1,1,0,1,0
2024-03-25,1092,bare+camelCase,1,1,1,1,1,1,1,1,1,0,1,0
2024-03-26,1093,bare+camelCase,1,1,1,1,1,1,1,1,1,0,1,0
2024-03-27,1093,bare+camelCase,1,1,1,1,1,1,1,1,1,0,1,0
2024-03-28,1093,bare+camelCase,1,1,1,1,1,1,1,1,1,0,1,0
2024-03-29,1093,bare+camelCase,1,1,1,1,1,1,1,1,1,0,1,0
2024-03-30,1093,bare+camelCase,1,1,1,1,1,1,1,1,1,0,1,0
2024-03-31,1093,bare+camelCase,1,1,1,1,1,1,1,1,1,0,1,0
2024-04-01,1093,bare+camelCase,1,1,1,1,1,1,1,1,1,0,1,0
2024-04-02,1093,bare+camelCase,1,1,1,1,1,1,1,1,1,0,1,0
2024-04-03,1093,bare+camelCase,1,1,1,1,1,1,1,1,1,0,1,0
2024-04-04,1095,bare+camelCase,1,1,1,1,1,1,1,1,1,0,1,0
2024-04-05,1095,bare+camelCase,1,1,1,1,1,1,1,1,1,0,1,0
2024-04-06,1095,bare+camelCase,1,1,1,1,1,1,1,1,1,0,1,0
2024-04-07,1095,bare+camelCase,1,1,1,1,1,1,1,1,1,0,1,0
2024-04-08,1095,bare+camelCase,1,1,1,1,1,1,1,1,1,0,1,0
2024-04-09,1095,bare+camelCase,1,1,1,1,1,1,1,1,1,0,1,0
2024-04-10,1095,bare+camelCase,1,1,1,1,1,1,1,1,1,0,1,0
2024-04-11,1095,bare+camelCase,1,1,1,1,1,1,1,1,1,0,1,0
2024-04-12,1098,bare+camelCase,1,1,1,1,1,1,1,1,1,0,1,0
2024-04-13,1098,bare+camelCase,1,1,1,1,1,1,1,1,1,0,1,0
2024-04-14,1098,bare+camelCase,1,1,1,1,1,1,1,1,1,0,1,0
2024-04-15,1098,bare+camelCase,1,1,1,1,1,1,1,1,1,0,1,0
2024-04-16,1098,bare+camelCase,1,1,1,1,1,1,1,1,1,0,1,0
2024-04-17,1098,bare+camelCase,1,1,1,1,1,1,1,1,1,0,1,0
2024-04-18,1098,bare+camelCase,1,1,1,1,1,1,1,1,1,0,1,0
2024-04-19,1098,bare+camelCase,1,1,1,1,1,1,1,1,1,0,1,0
2024-04-20,1098,bare+camelCase,1,1,1,1,1,1,1,1,1,0,1,0
2024-04-21,1098,bare+camelCase,1,1,1,1,1,1,1,1,1,0,1,0
2024-04-22,1098,bare+camelCase,1,1,1,1,1,1,1,1,1,0,1,0
2024-04-23,1099,bare+camelCase,1,1,1,1,1,1,1,1,1,0,1,0
2024-04-24,1102,bare+camelCase,1,1,1,1,1,1,1,1,1,0,1,0
2024-04-25,1102,bare+camelCase,1,1,1,1,1,1,1,1,1,0,1,0
2024-04-26,1102,bare+camelCase,1,1,1,1,1,1,1,1,1,0,1,0
2024-04-27,1102,bare+camelCase,1,1,1,1,1,1,1,1,1,0,1,0
2024-04-28,1102,bare+camelCase,1,1,1,1,1,1,1,1,1,0,1,0
2024-04-29,1102,bare+camelCase,1,1,1,1,1,1,1,1,1,0,1,0
2024-04-30,1102,bare+camelCase,1,1,1,1,1,1,1,1,1,0,1,0
2024-05-01,1104,bare+camelCase,1,1,1,1,1,1,1,1,1,0,1,0
2024-05-02,1104,bare+camelCase,1,1,1,1,1,1,1,1,1,0,1,0
2024-05-03,1104,bare+camelCase,1,1,1,1,1,1,1,1,1,0,1,0
2024-05-04,1104,bare+camelCase,1,1,1,1,1,1,1,1,1,0,1,0
2024-05-05,1104,bare+camelCase,1,1,1,1,1,1,1,1,1,0,1,0
2024-05-06,1104,bare+camelCase,1,1,1,1,1,1,1,1,1,0,1,0
2024-05-07,1104,bare+camelCase,1,1,1,1,1,1,1,1,1,0,1,0
2024-05-08,1104,bare+camelCase,1,1,1,1,1,1,1,1,1,0,1,0
2024-05-09,1104,bare+camelCase,1,1,1,1,1,1,1,1,1,0,1,0
2024-05-10,1104,bare+camelCase,1,1,1,1,1,1,1,1,1,0,1,0
2024-05-11,1104,bare+camelCase,1,1,1,1,1,1,1,1,1,0,1,0
2024-05-12,1104,bare+camelCase,1,1,1,1,1,1,1,1,1,0,1,0
2024-05-13,1105,bare+camelCase,1,1,1,1,1,1,1,1,1,0,1,0
2024-05-14,1105,bare+camelCase,1,1,1,1,1,1,1,1,1,0,1,0
2024-05-15,1107,bare+camelCase,1,1,1,1,1,1,1,1,1,0,1,0
2024-05-16,1110,bare+camelCase,1,1,1,1,1,1,1,1,1,0,1,0
2024-05-17,1110,bare+camelCase,1,1,1,1,1,1,1,1,1,0,1,0
2024-05-18,1110,bare+camelCase,1,1,1,1,1,1,1,1,1,0,1,0
2024-05-19,1110,bare+camelCase,1,1,1,1,1,1,1,1,1,0,1,0
2024-05-20,1112,bare+camelCase,1,1,1,1,1,1,1,1,1,0,1,0
2024-05-21,1112,bare+camelCase,1,1,1,1,1,1,1,1,1,0,1,0
2024-05-22,1112,bare+camelCase,1,1,1,1,1,1,1,1,1,0,1,0
2024-05-23,1113,bare+camelCase,1,1,1,1,1,1,1,1,1,0,1,0
2024-05-24,1113,bare+camelCase,1,1,1,1,1,1,1,1,1,0,1,0
2024-05-25,1113,bare+camelCase,1,1,1,1,1,1,1,1,1,0,1,0
2024-05-26,1113,bare+camelCase,1,1,1,1,1,1,1,1,1,0,1,0
2024-05-27,1113,bare+camelCase,1,1,1,1,1,1,1,1,1,0,1,0
2024-05-28,1114,bare+camelCase,1,1,1,1,1,1,1,1,1,0,1,0
2024-05-29,1115,bare+camelCase,1,1,1,1,1,1,1,1,1,0,1,0
2024-05-30,1117,bare+camelCase,1,1,1,1,1,1,1,1,1,0,1,0
2024-05-31,1117,bare+camelCase,1,1,1,1,1,1,1,1,1,0,1,0
2024-06-01,1117,bare+camelCase,1,1,1,1,1,1,1,1,1,0,1,0
2024-06-02,1117,bare+camelCase,1,1,1,1,1,1,1,1,1,0,1,0
2024-06-03,1118,bare+camelCase,1,1,1,1,1,1,1,1,1,0,1,0
2024-06-04,1118,bare+camelCase,1,1,1,1,1,1,1,1,1,0,1,0
2024-06-05,1118,bare+camelCase,1,1,1,1,1,1,1,1,1,0,1,0
2024-06-06,1118,bare+camelCase,1,1,1,1,1,1,1,1,1,0,1,0
2024-06-07,1118,bare+camelCase,1,1,1,1,1,1,1,1,1,0,1,0
2024-06-08,1118,bare+camelCase,1,1,1,1,1,1,1,1,1,0,1,0
2024-06-09,1118,bare+camelCase,1,1,1,1,1,1,1,1,1,0,1,0
2024-06-10,1118,bare+camelCase,1,1,1,1,1,1,1,1,1,0,1,0
2024-06-11,1118,bare+camelCase,1,1,1,1,1,1,1,1,1,0,1,0
2024-06-12,1120,bare+camelCase,1,1,1,1,1,1,1,1,1,0,1,0
2024-06-13,1123,bare+camelCase,1,1,1,1,1,1,1,1,1,0,1,0
2024-06-14,1123,bare+camelCase,1,1,1,1,1,1,1,1,1,0,1,0
2024-06-15,1123,bare+camelCase,1,1,1,1,1,1,1,1,1,0,1,0
2024-06-16,1123,bare+camelCase,1,1,1,1,1,1,1,1,1,0,1,0
2024-06-17,1123,bare+camelCase,1,1,1,1,1,1,1,1,1,0,1,0
2024-06-18,1123,bare+camelCase,1,1,1,1,1,1,1,1,1,0,1,0
2024-06-19,1123,bare+camelCase,1,1,1,1,1,1,1,1,1,0,1,0
2024-06-20,1123,bare+camelCase,1,1,1,1,1,1,1,1,1,0,1,0
2024-06-21,1123,bare+camelCase,1,1,1,1,1,1,1,1,1,0,1,0
2024-06-22,1123,bare+camelCase,1,1,1,1,1,1,1,1,1,0,1,0
2024-06-23,1123,bare+camelCase,1,1,1,1,1,1,1,1,1,0,1,0
2024-06-24,1123,bare+camelCase,1,1,1,1,1,1,1,1,1,0,1,0
2024-06-25,1123,bare+camelCase,1,1,1,1,1,1,1,1,1,0,1,0
2024-06-26,1126,bare+camelCase,1,1,1,1,1,1,1,1,1,0,1,1
2024-06-27,1126,bare+camelCase,1,1,1,1,1,1,1,1,1,0,1,1
2024-06-28,1126,bare+camelCase,1,1,1,1,1,1,1,1,1,0,1,1
2024-06-29,1126,bare+camelCase,1,1,1,1,1,1,1,1,1,0,1,1
2024-06-30,1126,bare+camelCase,1,1,1,1,1,1,1,1,1,0,1,1
2024-07-01,1126,bare+camelCase,1,1,1,1,1,1,1,1,1,0,1,1
2024-07-02,1127,bare+camelCase,1,1,1,1,1,1,1,1,1,0,1,1
2024-07-03,1127,bare+camelCase,1,1,1,1,1,1,1,1,1,0,1,1
2024-07-04,1127,bare+camelCase,1,1,1,1,1,1,1,1,1,0,1,1
2024-07-05,1127,bare+camelCase,1,1,1,1,1,1,1,1,1,0,1,1
2024-07-06,1127,bare+camelCase,1,1,1,1,1,1,1,1,1,0,1,1
2024-07-07,1127,bare+camelCase,1,1,1,1,1,1,1,1,1,0,1,1
2024-07-08,1127,bare+camelCase,1,1,1,1,1,1,1,1,1,0,1,1
2024-07-09,1127,bare+camelCase,1,1,1,1,1,1,1,1,1,0,1,1
2024-07-10,1130,bare+camelCase,1,1,1,1,1,1,1,1,1,0,1,1
2024-07-11,1130,bare+camelCase,1,1,1,1,1,1,1,1,1,0,1,1
2024-07-12,1130,bare+camelCase,1,1,1,1,1,1,1,1,1,0,1,1
2024-07-13,1130,bare+camelCase,1,1,1,1,1,1,1,1,1,0,1,1
2024-07-14,1130,bare+camelCase,1,1,1,1,1,1,1,1,1,0,1,1
2024-07-15,1131,bare+camelCase,1,1,1,1,1,1,1,1,1,0,1,1
2024-07-16,1131,bare+camelCase,1,1,1,1,1,1,1,1,1,0,1,1
2024-07-17,1134,bare+camelCase,1,1,1,1,1,1,1,1,1,0,1,1
2024-07-18,1134,bare+camelCase,1,1,1,1,1,1,1,1,1,0,1,1
2024-07-19,1134,bare+camelCase,1,1,1,1,1,1,1,1,1,0,1,1
2024-07-20,1134,bare+camelCase,1,1,1,1,1,1,1,1,1,0,1,1
2024-07-21,1134,bare+camelCase,1,1,1,1,1,1,1,1,1,0,1,1
2024-07-22,1134,bare+camelCase,1,1,1,1,1,1,1,1,1,0,1,1
2024-07-23,1136,bare+camelCase,1,1,1,1,1,1,1,1,1,0,1,1
2024-07-24,1136,bare+camelCase,1,1,1,1,1,1,1,1,1,0,1,1
2024-07-25,1136,bare+camelCase,1,1,1,1,1,1,1,1,1,0,1,1
2024-07-26,1136,bare+camelCase,1,1,1,1,1,1,1,1,1,0,1,1
2024-07-27,1136,bare+camelCase,1,1,1,1,1,1,1,1,1,0,1,1
2024-07-28,1136,bare+camelCase,1,1,1,1,1,1,1,1,1,0,1,1
2024-07-29,1139,bare+camelCase,1,1,1,1,1,1,1,1,1,0,1,1
2024-07-30,1140,bare+camelCase,1,1,1,1,1,1,1,1,1,0,1,1
2024-07-31,1140,bare+camelCase,1,1,1,1,1,1,1,1,1,0,1,1
2024-08-01,1140,bare+camelCase,1,1,1,1,1,1,1,1,1,0,1,1
2024-08-02,1140,bare+camelCase,1,1,1,1,1,1,1,1,1,0,1,1
2024-08-03,1140,bare+camelCase,1,1,1,1,1,1,1,1,1,0,1,1
2024-08-04,1140,bare+camelCase,1,1,1,1,1,1,1,1,1,0,1,1
2024-08-05,1141,bare+camelCase,1,1,1,1,1,1,1,1,1,0,1,1
2024-08-06,1141,bare+camelCase,1,1,1,1,1,1,1,1,1,0,1,1
2024-08-07,1143,bare+camelCase,1,1,1,1,1,1,1,1,1,0,1,1
2024-08-08,1143,bare+camelCase,1,1,1,1,1,1,1,1,1,0,1,1
2024-08-09,1143,bare+camelCase,1,1,1,1,1,1,1,1,1,0,1,1
2024-08-10,1143,bare+camelCase,1,1,1,1,1,1,1,1,1,0,1,1
2024-08-11,1143,bare+camelCase,1,1,1,1,1,1,1,1,1,0,1,1
2024-08-12,1143,bare+camelCase,1,1,1,1,1,1,1,1,1,0,1,1
2024-08-13,1143,bare+camelCase,1,1,1,1,1,1,1,1,1,0,1,1
2024-08-14,1149,bare+camelCase,1,1,1,1,1,1,1,1,1,0,1,1
2024-08-15,1150,bare+camelCase,1,1,1,1,1,1,1,1,1,0,1,1
2024-08-16,1150,bare+camelCase,1,1,1,1,1,1,1,1,1,0,1,1
2024-08-17,1150,bare+camelCase,1,1,1,1,1,1,1,1,1,0,1,1
2024-08-18,1150,bare+camelCase,1,1,1,1,1,1,1,1,1,0,1,1
2024-08-19,1151,bare+camelCase,1,1,1,1,1,1,1,1,1,0,1,1
2024-08-20,1151,bare+camelCase,1,1,1,1,1,1,1,1,1,0,1,1
2024-08-21,1155,bare+camelCase,1,1,1,1,1,1,1,1,1,0,1,1
2024-08-22,1155,bare+camelCase,1,1,1,1,1,1,1,1,1,0,1,1
2024-08-23,1155,bare+camelCase,1,1,1,1,1,1,1,1,1,0,1,1
2024-08-24,1156,bare+camelCase,1,1,1,1,1,1,1,1,1,0,1,1
2024-08-25,1156,bare+camelCase,1,1,1,1,1,1,1,1,1,0,1,1
2024-08-26,1156,bare+camelCase,1,1,1,1,1,1,1,1,1,0,1,1
2024-08-27,1158,bare+camelCase,1,1,1,1,1,1,1,1,1,0,1,1
2024-08-28,1159,bare+camelCase,1,1,1,1,1,1,1,1,1,0,1,1
2024-08-29,1159,bare+camelCase,1,1,1,1,1,1,1,1,1,0,1,1
2024-08-30,1159,bare+camelCase,1,1,1,1,1,1,1,1,1,0,1,1
2024-08-31,1159,bare+camelCase,1,1,1,1,1,1,1,1,1,0,1,1
2024-09-01,1159,bare+camelCase,1,1,1,1,1,1,1,1,1,0,1,1
2024-09-02,1159,bare+camelCase,1,1,1,1,1,1,1,1,1,0,1,1
2024-09-03,1162,bare+camelCase,1,1,1,1,1,1,1,1,1,0,1,1
2024-09-04,1162,bare+camelCase,1,1,1,1,1,1,1,1,1,0,1,1
2024-09-05,1162,bare+camelCase,1,1,1,1,1,1,1,1,1,0,1,1
2024-09-06,1162,bare+camelCase,1,1,1,1,1,1,1,1,1,0,1,1
2024-09-07,1162,bare+camelCase,1,1,1,1,1,1,1,1,1,0,1,1
2024-09-08,1162,bare+camelCase,1,1,1,1,1,1,1,1,1,0,1,1
2024-09-09,1165,bare+camelCase,1,1,1,1,1,1,1,1,1,0,1,1
2024-09-10,1169,bare+camelCase,1,1,1,1,1,1,1,1,1,0,1,1
2024-09-11,1169,bare+camelCase,1,1,1,1,1,1,1,1,1,0,1,1
2024-09-12,1169,bare+camelCase,1,1,1,1,1,1,1,1,1,0,1,1
2024-09-13,1170,bare+camelCase,1,1,1,1,1,1,1,1,1,0,1,1
2024-09-14,1170,bare+camelCase,1,1,1,1,1,1,1,1,1,0,1,1
2024-09-15,1170,bare+camelCase,1,1,1,1,1,1,1,1,1,0,1,1
2024-09-16,1172,bare+camelCase,1,1,1,1,1,1,1,1,1,0,1,1
2024-09-17,1176,bare+camelCase,1,1,1,1,1,1,1,1,1,0,1,1
2024-09-18,1181,bare+camelCase,1,1,1,1,1,1,1,1,1,0,1,1
2024-09-19,1181,bare+camelCase,1,1,1,1,1,1,1,1,1,0,1,1
2024-09-20,1181,bare+camelCase,1,1,1,1,1,1,1,1,1,0,1,1
2024-09-21,1181,bare+camelCase,1,1,1,1,1,1,1,1,1,0,1,1
2024-09-22,1181,bare+camelCase,1,1,1,1,1,1,1,1,1,0,1,1
2024-09-23,1181,bare+camelCase,1,1,1,1,1,1,1,1,1,0,1,1
2024-09-24,1182,bare+camelCase,1,1,1,1,1,1,1,1,1,0,1,1
2024-09-25,1181,bare+camelCase,1,1,1,1,1,1,1,1,1,0,1,1
2024-09-26,1181,bare+camelCase,1,1,1,1,1,1,1,1,1,0,1,1
2024-09-27,1181,bare+camelCase,1,1,1,1,1,1,1,1,1,0,1,1
2024-09-28,1181,bare+camelCase,1,1,1,1,1,1,1,1,1,0,1,1
2024-09-29,1181,bare+camelCase,1,1,1,1,1,1,1,1,1,0,1,1
2024-09-30,1185,bare+camelCase,1,1,1,1,1,1,1,1,1,0,1,1
2024-10-01,1185,bare+camelCase,1,1,1,1,1,1,1,1,1,0,1,1
2024-10-02,1186,bare+camelCase,1,1,1,1,1,1,1,1,1,0,1,1
2024-10-03,1187,bare+camelCase,1,1,1,1,1,1,1,1,1,0,1,1
2024-10-04,1187,bare+camelCase,1,1,1,1,1,1,1,1,1,0,1,1
2024-10-05,1187,bare+camelCase,1,1,1,1,1,1,1,1,1,0,1,1
2024-10-06,1187,bare+camelCase,1,1,1,1,1,1,1,1,1,0,1,1
2024-10-07,1187,bare+camelCase,1,1,1,1,1,1,1,1,1,0,1,1
2024-10-08,1190,bare+camelCase,1,1,1,1,1,1,1,1,1,0,1,1
2024-10-09,1193,bare+camelCase,1,1,1,1,1,1,1,1,1,0,1,1
2024-10-10,1193,bare+camelCase,1,1,1,1,1,1,1,1,1,0,1,1
2024-10-11,1193,bare+camelCase,1,1,1,1,1,1,1,1,1,0,1,1
2024-10-12,1193,bare+camelCase,1,1,1,1,1,1,1,1,1,0,1,1
2024-10-13,1193,bare+camelCase,1,1,1,1,1,1,1,1,1,0,1,1
2024-10-14,1193,bare+camelCase,1,1,1,1,1,1,1,1,1,0,1,1
2024-10-15,1196,bare+camelCase,1,1,1,1,1,1,1,1,1,0,1,1
2024-10-16,1196,bare+camelCase,1,1,1,1,1,1,1,1,1,0,1,1
2024-10-17,1197,bare+camelCase,1,1,1,1,1,1,1,1,1,0,1,1
2024-10-18,1197,bare+camelCase,1,1,1,1,1,1,1,1,1,0,1,1
2024-10-19,1197,bare+camelCase,1,1,1,1,1,1,1,1,1,0,1,1
2024-10-20,1197,bare+camelCase,1,1,1,1,1,1,1,1,1,0,1,1
2024-10-21,1198,bare+camelCase,1,1,1,1,1,1,1,1,1,0,1,1
2024-10-22,1199,bare+camelCase,1,1,1,1,1,1,1,1,1,0,1,1
2024-10-23,1200,bare+camelCase,1,1,1,1,1,1,1,1,1,0,1,1
2024-10-24,1202,bare+camelCase,1,1,1,1,1,1,1,1,1,0,1,1
2024-10-25,1202,bare+camelCase,1,1,1,1,1,1,1,1,1,0,1,1
2024-10-26,1202,bare+camelCase,1,1,1,1,1,1,1,1,1,0,1,1
2024-10-27,1202,bare+camelCase,1,1,1,1,1,1,1,1,1,0,1,1
2024-10-28,1202,bare+camelCase,1,1,1,1,1,1,1,1,1,0,1,1
2024-10-29,1202,bare+camelCase,1,1,1,1,1,1,1,1,1,0,1,1
2024-10-30,1202,bare+camelCase,1,1,1,1,1,1,1,1,1,0,1,1
2024-10-31,1202,bare+camelCase,1,1,1,1,1,1,1,1,1,0,1,1
2024-11-01,1202,bare+camelCase,1,1,1,1,1,1,1,1,1,0,1,1
2024-11-02,1202,bare+camelCase,1,1,1,1,1,1,1,1,1,0,1,1
2024-11-03,1202,bare+camelCase,1,1,1,1,1,1,1,1,1,0,1,1
2024-11-04,1204,bare+camelCase,1,1,1,1,1,1,1,1,1,0,1,1
2024-11-05,1204,bare+camelCase,1,1,1,1,1,1,1,1,1,0,1,1
2024-11-06,1204,bare+camelCase,1,1,1,1,1,1,1,1,1,0,1,1
2024-11-07,1207,bare+camelCase,1,1,1,1,1,1,1,1,1,0,1,1
2024-11-08,1207,bare+camelCase,1,1,1,1,1,1,1,1,1,0,1,1
2024-11-09,1207,bare+camelCase,1,1,1,1,1,1,1,1,1,0,1,1
2024-11-10,1207,bare+camelCase,1,1,1,1,1,1,1,1,1,0,1,1
2024-11-11,1207,bare+camelCase,1,1,1,1,1,1,1,1,1,0,1,1
2024-11-12,1207,bare+camelCase,1,1,1,1,1,1,1,1,1,0,1,1
2024-11-13,1212,bare+camelCase,1,1,1,1,1,1,1,1,1,0,1,1
2024-11-14,1212,bare+camelCase,1,1,1,1,1,1,1,1,1,0,1,1
2024-11-15,1214,bare+camelCase,1,1,1,1,1,1,1,1,1,0,1,1
2024-11-16,1214,bare+camelCase,1,1,1,1,1,1,1,1,1,0,1,1
2024-11-17,1214,bare+camelCase,1,1,1,1,1,1,1,1,1,0,1,1
2024-11-18,1214,bare+camelCase,1,1,1,1,1,1,1,1,1,0,1,1
2024-11-19,1217,bare+camelCase,1,1,1,1,1,1,1,1,1,0,1,1
2024-11-20,1219,bare+camelCase,1,1,1,1,1,1,1,1,1,0,1,1
2024-11-21,1222,bare+camelCase,1,1,1,1,1,1,1,1,1,0,1,1
2024-11-22,1222,bare+camelCase,1,1,1,1,1,1,1,1,1,0,1,1
2024-11-23,1222,bare+camelCase,1,1,1,1,1,1,1,1,1,0,1,1
2024-11-24,1222,bare+camelCase,1,1,1,1,1,1,1,1,1,0,1,1
2024-11-25,1223,bare+camelCase,1,1,1,1,1,1,1,1,1,0,1,1
2024-11-28,1223,bare+camelCase,1,1,1,1,1,1,1,1,1,0,1,1
2024-11-29,1223,bare+camelCase,1,1,1,1,1,1,1,1,1,0,1,1
2024-11-30,1223,bare+camelCase,1,1,1,1,1,1,1,1,1,0,1,1
2024-12-01,1223,bare+camelCase,1,1,1,1,1,1,1,1,1,0,1,1
2024-12-02,1223,bare+camelCase,1,1,1,1,1,1,1,1,1,0,1,1
2024-12-03,1226,bare+camelCase,1,1,1,1,1,1,1,1,1,0,1,1
2024-12-04,1227,bare+camelCase,1,1,1,1,1,1,1,1,1,0,1,1
2024-12-05,1227,bare+camelCase,1,1,1,1,1,1,1,1,1,0,1,1
2024-12-06,1227,bare+camelCase,1,1,1,1,1,1,1,1,1,0,1,1
2024-12-07,1227,bare+camelCase,1,1,1,1,1,1,1,1,1,0,1,1
2024-12-08,1227,bare+camelCase,1,1,1,1,1,1,1,1,1,0,1,1
2024-12-09,1227,bare+camelCase,1,1,1,1,1,1,1,1,1,0,1,1
2024-12-10,1227,bare+camelCase,1,1,1,1,1,1,1,1,1,0,1,1
2024-12-11,1228,bare+camelCase,1,1,1,1,1,1,1,1,1,0,1,1
2024-12-12,1228,bare+camelCase,1,1,1,1,1,1,1,1,1,0,1,1
2024-12-13,1228,bare+camelCase,1,1,1,1,1,1,1,1,1,0,1,1
2024-12-14,1229,bare+camelCase,1,1,1,1,1,1,1,1,1,0,1,1
2024-12-15,1229,bare+camelCase,1,1,1,1,1,1,1,1,1,0,1,1
2024-12-16,1231,bare+camelCase,1,1,1,1,1,1,1,1,1,0,1,1
2024-12-17,1232,bare+camelCase,1,1,1,1,1,1,1,1,1,0,1,1
2024-12-18,1236,bare+camelCase,1,1,1,1,1,1,1,1,1,0,1,1
2024-12-19,1236,bare+camelCase,1,1,1,1,1,1,1,1,1,0,1,1
2024-12-20,1237,bare+camelCase,1,1,1,1,1,1,1,1,1,0,1,1
2024-12-21,1237,bare+camelCase,1,1,1,1,1,1,1,1,1,0,1,1
2024-12-22,1237,bare+camelCase,1,1,1,1,1,1,1,1,1,0,1,1
2024-12-23,1238,bare+camelCase,1,1,1,1,1,1,1,1,1,0,1,1
2024-12-24,1238,bare+camelCase,1,1,1,1,1,1,1,1,1,0,1,1
2024-12-25,1238,bare+camelCase,1,1,1,1,1,1,1,1,1,0,1,1
2024-12-26,1238,bare+camelCase,1,1,1,1,1,1,1,1,1,0,1,1
2024-12-27,1238,bare+camelCase,1,1,1,1,1,1,1,1,1,0,1,1
2024-12-28,1238,bare+camelCase,1,1,1,1,1,1,1,1,1,0,1,1
2024-12-29,1238,bare+camelCase,1,1,1,1,1,1,1,1,1,0,1,1
2024-12-30,1239,bare+camelCase,1,1,1,1,1,1,1,1,1,0,1,1
2024-12-31,1239,bare+camelCase,1,1,1,1,1,1,1,1,1,0,1,1
2025-01-01,1239,bare+camelCase,1,1,1,1,1,1,1,1,1,0,1,1
2025-01-02,1239,bare+camelCase,1,1,1,1,1,1,1,1,1,0,1,1
2025-01-03,1239,bare+camelCase,1,1,1,1,1,1,1,1,1,0,1,1
2025-01-04,1239,bare+camelCase,1,1,1,1,1,1,1,1,1,0,1,1
2025-01-05,1239,bare+camelCase,1,1,1,1,1,1,1,1,1,0,1,1
2025-01-06,1239,bare+camelCase,1,1,1,1,1,1,1,1,1,0,1,1
2025-01-07,1242,bare+camelCase,1,1,1,1,1,1,1,1,1,0,1,1
2025-01-08,1242,bare+camelCase,1,1,1,1,1,1,1,1,1,0,1,1
2025-01-09,1243,bare+camelCase,1,1,1,1,1,1,1,1,1,0,1,1
2025-01-10,1243,bare+camelCase,1,1,1,1,1,1,1,1,1,0,1,1
2025-01-11,1243,bare+camelCase,1,1,1,1,1,1,1,1,1,0,1,1
2025-01-12,1243,bare+camelCase,1,1,1,1,1,1,1,1,1,0,1,1
2025-01-13,1245,bare+camelCase,1,1,1,1,1,1,1,1,1,0,1,1
2025-01-14,1245,bare+camelCase,1,1,1,1,1,1,1,1,1,0,1,1
2025-01-15,1249,bare+camelCase,1,1,1,1,1,1,1,1,1,0,1,1
2025-01-16,1250,bare+camelCase,1,1,1,1,1,1,1,1,1,0,1,1
2025-01-17,1250,bare+camelCase,1,1,1,1,1,1,1,1,1,0,1,1
2025-01-18,1250,bare+camelCase,1,1,1,1,1,1,1,1,1,0,1,1
2025-01-19,1250,bare+camelCase,1,1,1,1,1,1,1,1,1,0,1,1
2025-01-20,1250,bare+camelCase,1,1,1,1,1,1,1,1,1,0,1,1
2025-01-21,1250,bare+camelCase,1,1,1,1,1,1,1,1,1,0,1,1
2025-01-22,1250,bare+camelCase,1,1,1,1,1,1,1,1,1,0,1,1
2025-01-23,1251,bare+camelCase,1,1,1,1,1,1,1,1,1,0,1,1
2025-01-24,1252,bare+camelCase,1,1,1,1,1,1,1,1,1,0,1,1
2025-01-25,1252,bare+camelCase,1,1,1,1,1,1,1,1,1,0,1,1
2025-01-26,1252,bare+camelCase,1,1,1,1,1,1,1,1,1,0,1,1
2025-01-27,1252,bare+camelCase,1,1,1,1,1,1,1,1,1,0,1,1
2025-01-28,1252,bare+camelCase,1,1,1,1,1,1,1,1,1,0,1,1
2025-01-29,1253,bare+camelCase,1,1,1,1,1,1,1,1,1,0,1,1
2025-01-30,1253,bare+camelCase,1,1,1,1,1,1,1,1,1,0,1,1
2025-01-31,1253,bare+camelCase,1,1,1,1,1,1,1,1,1,0,1,1
2025-02-01,1253,bare+camelCase,1,1,1,1,1,1,1,1,1,0,1,1
2025-02-02,1253,bare+camelCase,1,1,1,1,1,1,1,1,1,0,1,1
2025-02-03,1253,bare+camelCase,1,1,1,1,1,1,1,1,1,0,1,1
2025-02-04,1257,bare+camelCase,1,1,1,1,1,1,1,1,1,0,1,1
2025-02-05,1258,bare+camelCase,1,1,1,1,1,1,1,1,1,0,1,1
2025-02-06,1263,bare+camelCase,1,1,1,1,1,1,1,1,1,0,1,1
2025-02-07,1263,bare+camelCase,1,1,1,1,1,1,1,1,1,0,1,1
2025-02-08,1264,bare+camelCase,1,1,1,1,1,1,1,1,1,0,1,1
2025-02-09,1264,bare+camelCase,1,1,1,1,1,1,1,1,1,0,1,1
2025-02-10,1264,bare+camelCase,1,1,1,1,1,1,1,1,1,0,1,1
2025-02-11,1264,bare+camelCase,1,1,1,1,1,1,1,1,1,0,1,1
2025-02-12,1270,bare+camelCase,1,1,1,1,1,1,1,1,1,0,1,1
2025-02-13,1271,bare+camelCase,1,1,1,1,1,1,1,1,1,0,1,1
2025-02-14,1271,bare+camelCase,1,1,1,1,1,1,1,1,1,0,1,1
2025-02-15,1271,bare+camelCase,1,1,1,1,1,1,1,1,1,0,1,1
2025-02-16,1271,bare+camelCase,1,1,1,1,1,1,1,1,1,0,1,1
2025-02-17,1271,bare+camelCase,1,1,1,1,1,1,1,1,1,0,1,1
2025-02-18,1271,bare+camelCase,1,1,1,1,1,1,1,1,1,0,1,1
2025-02-19,1273,bare+camelCase,1,1,1,1,1,1,1,1,1,0,1,1
2025-02-20,1275,bare+camelCase,1,1,1,1,1,1,1,1,1,0,1,1
2025-02-21,1276,bare+camelCase,1,1,1,1,1,1,1,1,1,0,1,1
2025-02-22,1276,bare+camelCase,1,1,1,1,1,1,1,1,1,0,1,1
2025-02-23,1276,bare+camelCase,1,1,1,1,1,1,1,1,1,0,1,1
2025-02-24,1278,bare+camelCase,1,1,1,1,1,1,1,1,1,0,1,1
2025-02-25,1280,bare+camelCase,1,1,1,1,1,1,1,1,1,0,1,1
2025-02-26,1280,bare+camelCase,1,1,1,1,1,1,1,1,1,0,1,1
2025-02-27,1280,bare+camelCase,1,1,1,1,1,1,1,1,1,0,1,1
2025-02-28,1280,bare+camelCase,1,1,1,1,1,1,1,1,1,0,1,1
2025-03-01,1280,bare+camelCase,1,1,1,1,1,1,1,1,1,0,1,1
2025-03-02,1280,bare+camelCase,1,1,1,1,1,1,1,1,1,0,1,1
2025-03-03,1285,bare+camelCase,1,1,1,1,1,1,1,1,1,0,1,1
2025-03-04,1289,bare+camelCase,1,1,1,1,1,1,1,1,1,0,1,1
2025-03-05,1289,bare+camelCase,1,1,1,1,1,1,1,1,1,0,1,1
2025-03-06,1289,bare+camelCase,1,1,1,1,1,1,1,1,1,0,1,1
2025-03-07,1289,bare+camelCase,1,1,1,1,1,1,1,1,1,0,1,1
2025-03-08,1289,bare+camelCase,1,1,1,1,1,1,1,1,1,0,1,1
2025-03-09,1289,bare+camelCase,1,1,1,1,1,1,1,1,1,0,1,1
2025-03-10,1294,bare+camelCase,1,1,1,1,1,1,1,1,1,0,1,1
2025-03-11,1300,bare+camelCase,1,1,1,1,1,1,1,1,1,0,1,1
2025-03-12,1300,bare+camelCase,1,1,1,1,1,1,1,1,1,0,1,1
2025-03-13,1302,bare+camelCase,1,1,1,1,1,1,1,1,1,0,1,1
2025-03-14,1302,bare+camelCase,1,1,1,1,1,1,1,1,1,0,1,1
2025-03-15,1302,bare+camelCase,1,1,1,1,1,1,1,1,1,0,1,1
2025-03-16,1302,bare+camelCase,1,1,1,1,1,1,1,1,1,0,1,1
2025-03-17,1302,bare+camelCase,1,1,1,1,1,1,1,1,1,0,1,1
2025-03-18,1302,bare+camelCase,1,1,1,1,1,1,1,1,1,0,1,1
2025-03-19,1304,bare+camelCase,1,1,1,1,1,1,1,1,1,0,1,1
2025-03-20,1307,bare+camelCase,1,1,1,1,1,1,1,1,1,0,1,1
2025-03-21,1307,bare+camelCase,1,1,1,1,1,1,1,1,1,0,1,1
2025-03-22,1307,bare+camelCase,1,1,1,1,1,1,1,1,1,0,1,1
2025-03-23,1307,bare+camelCase,1,1,1,1,1,1,1,1,1,0,1,1
2025-03-24,1307,bare+camelCase,1,1,1,1,1,1,1,1,1,0,1,1
2025-03-25,1308,bare+camelCase,1,1,1,1,1,1,1,1,1,0,1,1
2025-03-26,1308,bare+camelCase,1,1,1,1,1,1,1,1,1,0,1,1
2025-03-27,1310,bare+camelCase,1,1,1,1,1,1,1,1,1,0,1,1
2025-03-28,1311,bare+camelCase,1,1,1,1,1,1,1,1,1,0,1,1
2025-03-29,1311,bare+camelCase,1,1,1,1,1,1,1,1,1,0,1,1
2025-03-30,1311,bare+camelCase,1,1,1,1,1,1,1,1,1,0,1,1
2025-03-31,1311,bare+camelCase,1,1,1,1,1,1,1,1,1,0,1,1
2025-04-01,1312,bare+camelCase,1,1,1,1,1,1,1,1,1,0,1,1
2025-04-02,1313,bare+camelCase,1,1,1,1,1,1,1,1,1,0,1,1
2025-04-03,1313,bare+camelCase,1,1,1,1,1,1,1,1,1,0,1,1
2025-04-04,1313,bare+camelCase,1,1,1,1,1,1,1,1,1,0,1,1
2025-04-05,1314,bare+camelCase,1,1,1,1,1,1,1,1,1,0,1,1
2025-04-06,1314,bare+camelCase,1,1,1,1,1,1,1,1,1,0,1,1
2025-04-07,1314,bare+camelCase,1,1,1,1,1,1,1,1,1,0,1,1
2025-04-08,1315,bare+camelCase,1,1,1,1,1,1,1,1,1,0,1,1
2025-04-09,1317,bare+camelCase,1,1,1,1,1,1,1,1,1,0,1,1
2025-04-10,1319,bare+camelCase,1,1,1,1,1,1,1,1,1,0,1,1
2025-04-11,1319,bare+camelCase,1,1,1,1,1,1,1,1,1,0,1,1
2025-04-12,1319,bare+camelCase,1,1,1,1,1,1,1,1,1,0,1,1
2025-04-13,1319,bare+camelCase,1,1,1,1,1,1,1,1,1,0,1,1
2025-04-14,1319,bare+camelCase,1,1,1,1,1,1,1,1,1,0,1,1
2025-04-15,1319,bare+camelCase,1,1,1,1,1,1,1,1,1,0,1,1
2025-04-16,1320,bare+camelCase,1,1,1,1,1,1,1,1,1,0,1,1
2025-04-17,1323,bare+camelCase,1,1,1,1,1,1,1,1,1,0,1,1
2025-04-18,1323,bare+camelCase,1,1,1,1,1,1,1,1,1,0,1,1
2025-04-19,1323,bare+camelCase,1,1,1,1,1,1,1,1,1,0,1,1
2025-04-20,1323,bare+camelCase,1,1,1,1,1,1,1,1,1,0,1,1
2025-04-21,1323,bare+camelCase,1,1,1,1,1,1,1,1,1,0,1,1
2025-04-22,1323,bare+camelCase,1,1,1,1,1,1,1,1,1,0,1,1
2025-04-23,1323,bare+camelCase,1,1,1,1,1,1,1,1,1,0,1,1
2025-04-24,1323,bare+camelCase,1,1,1,1,1,1,1,1,1,0,1,1
2025-04-25,1323,bare+camelCase,1,1,1,1,1,1,1,1,1,0,1,1
2025-04-26,1323,bare+camelCase,1,1,1,1,1,1,1,1,1,0,1,1
2025-04-27,1323,bare+camelCase,1,1,1,1,1,1,1,1,1,0,1,1
2025-04-28,1326,bare+camelCase,1,1,1,1,1,1,1,1,1,0,1,1
2025-04-29,1327,bare+camelCase,1,1,1,1,1,1,1,1,1,0,1,1
2025-04-30,1327,bare+camelCase,1,1,1,1,1,1,1,1,1,0,1,1
2025-05-01,1329,bare+camelCase,1,1,1,1,1,1,1,1,1,0,1,1
2025-05-02,1331,bare+camelCase,1,1,1,1,1,1,1,1,1,0,1,1
2025-05-03,1331,bare+camelCase,1,1,1,1,1,1,1,1,1,0,1,1
2025-05-04,1331,bare+camelCase,1,1,1,1,1,1,1,1,1,0,1,1
2025-05-05,1332,bare+camelCase,1,1,1,1,1,1,1,1,1,0,1,1
2025-05-06,1333,bare+camelCase,1,1,1,1,1,1,1,1,1,0,1,1
2025-05-07,1335,bare+camelCase,1,1,1,1,1,1,1,1,1,0,1,1
2025-05-08,1335,bare+camelCase,1,1,1,1,1,1,1,1,1,0,1,1
2025-05-09,1335,bare+camelCase,1,1,1,1,1,1,1,1,1,0,1,1
2025-05-10,1335,bare+camelCase,1,1,1,1,1,1,1,1,1,0,1,1
2025-05-11,1335,bare+camelCase,1,1,1,1,1,1,1,1,1,0,1,1
2025-05-12,1336,bare+camelCase,1,1,1,1,1,1,1,1,1,0,1,1
2025-05-13,1336,bare+camelCase,1,1,1,1,1,1,1,1,1,0,1,1
2025-05-14,1342,bare+camelCase,1,1,1,1,1,1,1,1,1,0,1,1
2025-05-15,1345,bare+camelCase,1,1,1,1,1,1,1,1,1,0,1,1
2025-05-16,1345,bare+camelCase,1,1,1,1,1,1,1,1,1,0,1,1
2025-05-17,1345,bare+camelCase,1,1,1,1,1,1,1,1,1,0,1,1
2025-05-18,1345,bare+camelCase,1,1,1,1,1,1,1,1,1,0,1,1
2025-05-19,1351,bare+camelCase,1,1,1,1,1,1,1,1,1,0,1,1
2025-05-20,1351,bare+camelCase,1,1,1,1,1,1,1,1,1,0,1,1
2025-05-21,1351,bare+camelCase,1,1,1,1,1,1,1,1,1,0,1,1
2025-05-22,1352,bare+camelCase,1,1,1,1,1,1,1,1,1,0,1,1
2025-05-23,1352,bare+camelCase,1,1,1,1,1,1,1,1,1,0,1,1
2025-05-24,1352,bare+camelCase,1,1,1,1,1,1,1,1,1,0,1,1
2025-05-25,1352,bare+camelCase,1,1,1,1,1,1,1,1,1,0,1,1
2025-05-26,1352,bare+camelCase,1,1,1,1,1,1,1,1,1,0,1,1
2025-05-27,1352,bare+camelCase,1,1,1,1,1,1,1,1,1,0,1,1
2025-05-28,1352,bare+camelCase,1,1,1,1,1,1,1,1,1,0,1,1
2025-05-29,1352,bare+camelCase,1,1,1,1,1,1,1,1,1,0,1,1
2025-05-30,1352,bare+camelCase,1,1,1,1,1,1,1,1,1,0,1,1
2025-05-31,1352,bare+camelCase,1,1,1,1,1,1,1,1,1,0,1,1
2025-06-01,1352,bare+camelCase,1,1,1,1,1,1,1,1,1,0,1,1
2025-06-02,1357,bare+camelCase,1,1,1,1,1,1,1,1,1,0,1,1
2025-06-03,1360,bare+camelCase,1,1,1,1,1,1,1,1,1,0,1,1
2025-06-04,1360,bare+camelCase,1,1,1,1,1,1,1,1,1,0,1,1
2025-06-05,1360,bare+camelCase,1,1,1,1,1,1,1,1,1,0,1,1
2025-06-06,1360,bare+camelCase,1,1,1,1,1,1,1,1,1,0,1,1
2025-06-07,1360,bare+camelCase,1,1,1,1,1,1,1,1,1,0,1,1
2025-06-08,1360,bare+camelCase,1,1,1,1,1,1,1,1,1,0,1,1
2025-06-09,1362,bare+camelCase,1,1,1,1,1,1,1,1,1,0,1,1
2025-06-10,1364,bare+camelCase,1,1,1,1,1,1,1,1,1,0,1,1
2025-06-11,1364,bare+camelCase,1,1,1,1,1,1,1,1,1,0,1,1
2025-06-12,1364,bare+camelCase,1,1,1,1,1,1,1,1,1,0,1,1
2025-06-13,1364,bare+camelCase,1,1,1,1,1,1,1,1,1,0,1,1
2025-06-14,1364,bare+camelCase,1,1,1,1,1,1,1,1,1,0,1,1
2025-06-15,1364,bare+camelCase,1,1,1,1,1,1,1,1,1,0,1,1
2025-06-16,1366,bare+camelCase,1,1,1,1,1,1,1,1,1,0,1,1
2025-06-17,1367,bare+camelCase,1,1,1,1,1,1,1,1,1,0,1,1
2025-06-18,1367,bare+camelCase,1,1,1,1,1,1,1,1,1,0,1,1
2025-06-19,1367,bare+camelCase,1,1,1,1,1,1,1,1,1,0,1,1
2025-06-20,1367,bare+camelCase,1,1,1,1,1,1,1,1,1,0,1,1
2025-06-21,1367,bare+camelCase,1,1,1,1,1,1,1,1,1,0,1,1
2025-06-22,1367,bare+camelCase,1,1,1,1,1,1,1,1,1,0,1,1
2025-06-23,1367,bare+camelCase,1,1,1,1,1,1,1,1,1,0,1,1
2025-06-24,1367,bare+camelCase,1,1,1,1,1,1,1,1,1,0,1,1
2025-06-25,1370,bare+camelCase,1,1,1,1,1,1,1,1,1,0,1,1
2025-06-26,1370,bare+camelCase,1,1,1,1,1,1,1,1,1,0,1,1
2025-06-27,1370,bare+camelCase,1,1,1,1,1,1,1,1,1,0,1,1
2025-06-28,1370,bare+camelCase,1,1,1,1,1,1,1,1,1,0,1,1
2025-06-29,1370,bare+camelCase,1,1,1,1,1,1,1,1,1,0,1,1
2025-06-30,1371,bare+camelCase,1,1,1,1,1,1,1,1,1,0,1,1
2025-07-01,1373,bare+camelCase,1,1,1,1,1,1,1,1,1,0,1,1
2025-07-02,1374,bare+camelCase,1,1,1,1,1,1,1,1,1,0,1,1
2025-07-03,1374,bare+camelCase,1,1,1,1,1,1,1,1,1,0,1,1
2025-07-04,1374,bare+camelCase,1,1,1,1,1,1,1,1,1,0,1,1
2025-07-05,1374,bare+camelCase,1,1,1,1,1,1,1,1,1,0,1,1
2025-07-06,1374,bare+camelCase,1,1,1,1,1,1,1,1,1,0,1,1
2025-07-07,1378,bare+camelCase,1,1,1,1,1,1,1,1,1,0,1,1
2025-07-08,1378,bare+camelCase,1,1,1,1,1,1,1,1,1,0,1,1
2025-07-09,1378,bare+camelCase,1,1,1,1,1,1,1,1,1,0,1,1
2025-07-10,1379,bare+camelCase,1,1,1,1,1,1,1,1,1,0,1,1
2025-07-11,1379,bare+camelCase,1,1,1,1,1,1,1,1,1,0,1,1
2025-07-12,1379,bare+camelCase,1,1,1,1,1,1,1,1,1,0,1,1
2025-07-13,1379,bare+camelCase,1,1,1,1,1,1,1,1,1,0,1,1
2025-07-14,1380,bare+camelCase,1,1,1,1,1,1,1,1,1,0,1,1
2025-07-15,1380,bare+camelCase,1,1,1,1,1,1,1,1,1,0,1,1
2025-07-16,1380,bare+camelCase,1,1,1,1,1,1,1,1,1,0,1,1
2025-07-17,1380,bare+camelCase,1,1,1,1,1,1,1,1,1,0,1,1
2025-07-18,1381,bare+camelCase,1,1,1,1,1,1,1,1,1,0,1,1
2025-07-19,1381,bare+camelCase,1,1,1,1,1,1,1,1,1,0,1,1
2025-07-20,1381,bare+camelCase,1,1,1,1,1,1,1,1,1,0,1,1
2025-07-21,1382,bare+camelCase,1,1,1,1,1,1,1,1,1,0,1,1
2025-07-22,1388,bare+camelCase,1,1,1,1,1,1,1,1,1,0,1,1
2025-07-23,1388,bare+camelCase,1,1,1,1,1,1,1,1,1,0,1,1
2025-07-24,1388,bare+camelCase,1,1,1,1,1,1,1,1,1,0,1,1
2025-07-25,1388,bare+camelCase,1,1,1,1,1,1,1,1,1,0,1,1
2025-07-26,1388,bare+camelCase,1,1,1,1,1,1,1,1,1,0,1,1
2025-07-27,1388,bare+camelCase,1,1,1,1,1,1,1,1,1,0,1,1
2025-07-28,1391,bare+camelCase,1,1,1,1,1,1,1,1,1,0,1,1
2025-07-29,1391,bare+camelCase,1,1,1,1,1,1,1,1,1,0,1,1
2025-07-30,1391,bare+camelCase,1,1,1,1,1,1,1,1,1,0,1,1
2025-07-31,1391,bare+camelCase,1,1,1,1,1,1,1,1,1,0,1,1
2025-08-01,1391,bare+camelCase,1,1,1,1,1,1,1,1,1,0,1,1
2025-08-02,1391,bare+camelCase,1,1,1,1,1,1,1,1,1,0,1,1
2025-08-03,1391,bare+camelCase,1,1,1,1,1,1,1,1,1,0,1,1
2025-08-04,1391,bare+camelCase,1,1,1,1,1,1,1,1,1,0,1,1
2025-08-05,1394,bare+camelCase,1,1,1,1,1,1,1,1,1,0,1,1
2025-08-06,1394,bare+camelCase,1,1,1,1,1,1,1,1,1,0,1,1
2025-08-07,1394,bare+camelCase,1,1,1,1,1,1,1,1,1,0,1,1
2025-08-08,1394,bare+camelCase,1,1,1,1,1,1,1,1,1,0,1,1
2025-08-09,1394,bare+camelCase,1,1,1,1,1,1,1,1,1,0,1,1
2025-08-10,1394,bare+camelCase,1,1,1,1,1,1,1,1,1,0,1,1
2025-08-11,1394,bare+camelCase,1,1,1,1,1,1,1,1,1,0,1,1
2025-08-12,1397,bare+camelCase,1,1,1,1,1,1,1,1,1,0,1,1
2025-08-13,1397,bare+camelCase,1,1,1,1,1,1,1,1,1,0,1,1
2025-08-14,1399,bare+camelCase,1,1,1,1,1,1,1,1,1,0,1,1
2025-08-15,1399,bare+camelCase,1,1,1,1,1,1,1,1,1,0,1,1
2025-08-16,1399,bare+camelCase,1,1,1,1,1,1,1,1,1,0,1,1
2025-08-17,1399,bare+camelCase,1,1,1,1,1,1,1,1,1,0,1,1
2025-08-18,1400,bare+camelCase,1,1,1,1,1,1,1,1,1,0,1,1
2025-08-19,1400,bare+camelCase,1,1,1,1,1,1,1,1,1,0,1,1
2025-08-20,1400,bare+camelCase,1,1,1,1,1,1,1,1,1,0,1,1
2025-08-21,1401,bare+camelCase,1,1,1,1,1,1,1,1,1,0,1,1
2025-08-22,1401,bare+camelCase,1,1,1,1,1,1,1,1,1,0,1,1
2025-08-23,1401,bare+camelCase,1,1,1,1,1,1,1,1,1,0,1,1
2025-08-24,1401,bare+camelCase,1,1,1,1,1,1,1,1,1,0,1,1
2025-08-25,1404,bare+camelCase,1,1,1,1,1,1,1,1,1,0,1,1
2025-08-26,1404,bare+camelCase,1,1,1,1,1,1,1,1,1,0,1,1
2025-08-27,1405,bare+camelCase,1,1,1,1,1,1,1,1,1,0,1,1
2025-08-28,1405,bare+camelCase,1,1,1,1,1,1,1,1,1,0,1,1
2025-08-29,1406,bare+camelCase,1,1,1,1,1,1,1,1,1,0,1,1
2025-08-30,1406,bare+camelCase,1,1,1,1,1,1,1,1,1,0,1,1
2025-08-31,1406,bare+camelCase,1,1,1,1,1,1,1,1,1,0,1,1
2025-09-01,1406,bare+camelCase,1,1,1,1,1,1,1,1,1,0,1,1
2025-09-02,1408,bare+camelCase,1,1,1,1,1,1,1,1,1,0,1,1
2025-09-03,1410,bare+camelCase,1,1,1,1,1,1,1,1,1,0,1,1
2025-09-04,1413,bare+camelCase,1,1,1,1,1,1,1,1,1,0,1,1
2025-09-05,1413,bare+camelCase,1,1,1,1,1,1,1,1,1,0,1,1
2025-09-06,1413,bare+camelCase,1,1,1,1,1,1,1,1,1,0,1,1
2025-09-07,1413,bare+camelCase,1,1,1,1,1,1,1,1,1,0,1,1
2025-09-08,1413,bare+camelCase,1,1,1,1,1,1,1,1,1,0,1,1
2025-09-09,1413,bare+camelCase,1,1,1,1,1,1,1,1,1,0,1,1
2025-09-10,1413,bare+camelCase,1,1,1,1,1,1,1,1,1,0,1,1
2025-09-11,1414,bare+camelCase,1,1,1,1,1,1,1,1,1,0,1,1
2025-09-12,1414,bare+camelCase,1,1,1,1,1,1,1,1,1,0,1,1
2025-09-13,1414,bare+camelCase,1,1,1,1,1,1,1,1,1,0,1,1
2025-09-14,1414,bare+camelCase,1,1,1,1,1,1,1,1,1,0,1,1
2025-09-15,1414,bare+camelCase,1,1,1,1,1,1,1,1,1,0,1,1
2025-09-16,1414,bare+camelCase,1,1,1,1,1,1,1,1,1,0,1,1
2025-09-17,1414,bare+camelCase,1,1,1,1,1,1,1,1,1,0,1,1
2025-09-18,1414,bare+camelCase,1,1,1,1,1,1,1,1,1,0,1,1
2025-09-19,1414,bare+camelCase,1,1,1,1,1,1,1,1,1,0,1,1
2025-09-20,1414,bare+camelCase,1,1,1,1,1,1,1,1,1,0,1,1
2025-09-21,1414,bare+camelCase,1,1,1,1,1,1,1,1,1,0,1,1
2025-09-22,1414,bare+camelCase,1,1,1,1,1,1,1,1,1,0,1,1
2025-09-23,1415,bare+camelCase,1,1,1,1,1,1,1,1,1,0,1,1
2025-09-24,1415,bare+camelCase,1,1,1,1,1,1,1,1,1,0,1,1
2025-09-25,1417,bare+camelCase,1,1,1,1,1,1,1,1,1,0,1,1
2025-09-26,1417,bare+camelCase,1,1,1,1,1,1,1,1,1,0,1,1
2025-09-27,1417,bare+camelCase,1,1,1,1,1,1,1,1,1,0,1,1
2025-09-28,1417,bare+camelCase,1,1,1,1,1,1,1,1,1,0,1,1
2025-09-29,1422,bare+camelCase,1,1,1,1,1,1,1,1,1,0,1,1
2025-09-30,1422,bare+camelCase,1,1,1,1,1,1,1,1,1,0,1,1
2025-10-01,1422,bare+camelCase,1,1,1,1,1,1,1,1,1,0,1,1
2025-10-02,1427,bare+camelCase,1,1,1,1,1,1,1,1,1,0,1,1
2025-10-03,1427,bare+camelCase,1,1,1,1,1,1,1,1,1,0,1,1
2025-10-04,1427,bare+camelCase,1,1,1,1,1,1,1,1,1,0,1,1
2025-10-05,1427,bare+camelCase,1,1,1,1,1,1,1,1,1,0,1,1
2025-10-06,1434,bare+camelCase,1,1,1,1,1,1,1,1,1,0,1,1
2025-10-07,1435,bare+camelCase,1,1,1,1,1,1,1,1,1,0,1,1
2025-10-08,1435,bare+camelCase,1,1,1,1,1,1,1,1,1,0,1,1
2025-10-09,1436,bare+camelCase,1,1,1,1,1,1,1,1,1,0,1,1
2025-10-10,1436,bare+camelCase,1,1,1,1,1,1,1,1,1,0,1,1
2025-10-11,1436,bare+camelCase,1,1,1,1,1,1,1,1,1,0,1,1
2025-10-12,1436,bare+camelCase,1,1,1,1,1,1,1,1,1,0,1,1
2025-10-13,1436,bare+camelCase,1,1,1,1,1,1,1,1,1,0,1,1
2025-10-14,1441,bare+camelCase,1,1,1,1,1,1,1,1,1,0,1,1
2025-10-15,1442,bare+camelCase,1,1,1,1,1,1,1,1,1,0,1,1
2025-10-16,1442,bare+camelCase,1,1,1,1,1,1,1,1,1,0,1,1
2025-10-17,1442,bare+camelCase,1,1,1,1,1,1,1,1,1,0,1,1
2025-10-18,1442,bare+camelCase,1,1,1,1,1,1,1,1,1,0,1,1
2025-10-19,1442,bare+camelCase,1,1,1,1,1,1,1,1,1,0,1,1
2025-10-20,1447,bare+camelCase,1,1,1,1,1,1,1,1,1,0,1,1
2025-10-21,1447,bare+camelCase,1,1,1,1,1,1,1,1,1,0,1,1
2025-10-22,1447,bare+camelCase,1,1,1,1,1,1,1,1,1,0,1,1
2025-10-23,1447,bare+camelCase,1,1,1,1,1,1,1,1,1,0,1,1
2025-10-24,1449,bare+camelCase,1,1,1,1,1,1,1,1,1,0,1,1
2025-10-25,1449,bare+camelCase,1,1,1,1,1,1,1,1,1,0,1,1
2025-10-26,1449,bare+camelCase,1,1,1,1,1,1,1,1,1,0,1,1
2025-10-27,1449,bare+camelCase,1,1,1,1,1,1,1,1,1,0,1,1
2025-10-28,1451,bare+camelCase,1,1,1,1,1,1,1,1,1,0,1,1
2025-10-29,1451,bare+camelCase,1,1,1,1,1,1,1,1,1,0,1,1
2025-10-30,1453,bare+camelCase,1,1,1,1,1,1,1,1,1,0,1,1
2025-10-31,1453,bare+camelCase,1,1,1,1,1,1,1,1,1,0,1,1
2025-11-01,1453,bare+camelCase,1,1,1,1,1,1,1,1,1,0,1,1
2025-11-02,1453,bare+camelCase,1,1,1,1,1,1,1,1,1,0,1,1
2025-11-03,1453,bare+camelCase,1,1,1,1,1,1,1,1,1,0,1,1
2025-11-04,1455,bare+camelCase,1,1,1,1,1,1,1,1,1,0,1,1
2025-11-05,1455,bare+camelCase,1,1,1,1,1,1,1,1,1,0,1,1
2025-11-06,1455,bare+camelCase,1,1,1,1,1,1,1,1,1,0,1,1
2025-11-07,1455,bare+camelCase,1,1,1,1,1,1,1,1,1,0,1,1
2025-11-08,1455,bare+camelCase,1,1,1,1,1,1,1,1,1,0,1,1
2025-11-09,1455,bare+camelCase,1,1,1,1,1,1,1,1,1,0,1,1
2025-11-10,1456,bare+camelCase,1,1,1,1,1,1,1,1,1,0,1,1
2025-11-11,1456,bare+camelCase,1,1,1,1,1,1,1,1,1,0,1,1
2025-11-12,1459,bare+camelCase,1,1,1,1,1,1,1,1,1,0,1,1
2025-11-13,1459,bare+camelCase,1,1,1,1,1,1,1,1,1,0,1,1
2025-11-14,1460,bare+camelCase,1,1,1,1,1,1,1,1,1,0,1,1
2025-11-15,1460,bare+camelCase,1,1,1,1,1,1,1,1,1,0,1,1
2025-11-16,1460,bare+camelCase,1,1,1,1,1,1,1,1,1,0,1,1
2025-11-17,1460,bare+camelCase,1,1,1,1,1,1,1,1,1,0,1,1
2025-11-18,1460,bare+camelCase,1,1,1,1,1,1,1,1,1,0,1,1
2025-11-19,1461,bare+camelCase,1,1,1,1,1,1,1,1,1,0,1,1
2025-11-20,1462,bare+camelCase,1,1,1,1,1,1,1,1,1,0,1,1
2025-11-21,1462,bare+camelCase,1,1,1,1,1,1,1,1,1,0,1,1
2025-11-22,1463,bare+camelCase,1,1,1,1,1,1,1,1,1,0,1,1
2025-11-23,1463,bare+camelCase,1,1,1,1,1,1,1,1,1,0,1,1
2025-11-24,1463,bare+camelCase,1,1,1,1,1,1,1,1,1,0,1,1
2025-11-25,1463,bare+camelCase,1,1,1,1,1,1,1,1,1,0,1,1
2025-11-26,1463,bare+camelCase,1,1,1,1,1,1,1,1,1,0,1,1
2025-11-27,1463,bare+camelCase,1,1,1,1,1,1,1,1,1,0,1,1
2025-11-28,1464,bare+camelCase,1,1,1,1,1,1,1,1,1,0,1,1
2025-11-29,1464,bare+camelCase,1,1,1,1,1,1,1,1,1,0,1,1
2025-11-30,1464,bare+camelCase,1,1,1,1,1,1,1,1,1,0,1,1
2025-12-01,1464,bare+camelCase,1,1,1,1,1,1,1,1,1,0,1,1
2025-12-02,1464,bare+camelCase,1,1,1,1,1,1,1,1,1,0,1,1
2025-12-03,1466,bare+camelCase,1,1,1,1,1,1,1,1,1,0,1,1
2025-12-04,1467,bare+camelCase,1,1,1,1,1,1,1,1,1,0,1,1
2025-12-05,1468,bare+camelCase,1,1,1,1,1,1,1,1,1,0,1,1
2025-12-06,1468,bare+camelCase,1,1,1,1,1,1,1,1,1,0,1,1
2025-12-07,1468,bare+camelCase,1,1,1,1,1,1,1,1,1,0,1,1
2025-12-08,1470,bare+camelCase,1,1,1,1,1,1,1,1,1,0,1,1
2025-12-09,1470,bare+camelCase,1,1,1,1,1,1,1,1,1,0,1,1
2025-12-10,1472,bare+camelCase,1,1,1,1,1,1,1,1,1,0,1,1
2025-12-11,1472,bare+camelCase,1,1,1,1,1,1,1,1,1,0,1,1
2025-12-12,1473,bare+camelCase,1,1,1,1,1,1,1,1,1,0,1,1
2025-12-13,1475,bare+camelCase,1,1,1,1,1,1,1,1,1,0,1,1
2025-12-14,1475,bare+camelCase,1,1,1,1,1,1,1,1,1,0,1,1
2025-12-15,1475,bare+camelCase,1,1,1,1,1,1,1,1,1,0,1,1
2025-12-16,1478,bare+camelCase,1,1,1,1,1,1,1,1,1,0,1,1
2025-12-17,1478,bare+camelCase,1,1,1,1,1,1,1,1,1,0,1,1
2025-12-18,1481,bare+camelCase,1,1,1,1,1,1,1,1,1,0,1,1
2025-12-19,1481,bare+camelCase,1,1,1,1,1,1,1,1,1,0,1,1
2025-12-20,1482,bare+camelCase,1,1,1,1,1,1,1,1,1,0,1,1
2025-12-21,1482,bare+camelCase,1,1,1,1,1,1,1,1,1,0,1,1
2025-12-22,1482,bare+camelCase,1,1,1,1,1,1,1,1,1,0,1,1
2025-12-23,1483,bare+camelCase,1,1,1,1,1,1,1,1,1,0,1,1
2025-12-24,1483,bare+camelCase,1,1,1,1,1,1,1,1,1,0,1,1
2025-12-25,1483,bare+camelCase,1,1,1,1,1,1,1,1,1,0,1,1
2025-12-26,1483,bare+camelCase,1,1,1,1,1,1,1,1,1,0,1,1
2025-12-27,1483,bare+camelCase,1,1,1,1,1,1,1,1,1,0,1,1
2025-12-28,1483,bare+camelCase,1,1,1,1,1,1,1,1,1,0,1,1
2025-12-29,1483,bare+camelCase,1,1,1,1,1,1,1,1,1,0,1,1
2025-12-30,1484,bare+camelCase,1,1,1,1,1,1,1,1,1,0,1,1
2025-12-31,1484,bare+camelCase,1,1,1,1,1,1,1,1,1,0,1,1
2026-01-01,1484,bare+camelCase,1,1,1,1,1,1,1,1,1,0,1,1
2026-01-02,1484,bare+camelCase,1,1,1,1,1,1,1,1,1,0,1,1
2026-01-03,1484,bare+camelCase,1,1,1,1,1,1,1,1,1,0,1,1
2026-01-04,1484,bare+camelCase,1,1,1,1,1,1,1,1,1,0,1,1
2026-01-05,1484,bare+camelCase,1,1,1,1,1,1,1,1,1,0,1,1
2026-01-06,1484,bare+camelCase,1,1,1,1,1,1,1,1,1,0,1,1
2026-01-07,1484,bare+camelCase,1,1,1,1,1,1,1,1,1,0,1,1
2026-01-08,1486,bare+camelCase,1,1,1,1,1,1,1,1,1,0,1,1
2026-01-09,1486,bare+camelCase,1,1,1,1,1,1,1,1,1,0,1,1
2026-01-10,1486,bare+camelCase,1,1,1,1,1,1,1,1,1,0,1,1
2026-01-11,1486,bare+camelCase,1,1,1,1,1,1,1,1,1,0,1,1
2026-01-12,1487,bare+camelCase,1,1,1,1,1,1,1,1,1,0,1,1
2026-01-13,1487,bare+camelCase,1,1,1,1,1,1,1,1,1,0,1,1
2026-01-14,1488,bare+camelCase,1,1,1,1,1,1,1,1,1,0,1,1
2026-01-15,1488,bare+camelCase,1,1,1,1,1,1,1,1,1,0,1,1
2026-01-16,1488,bare+camelCase,1,1,1,1,1,1,1,1,1,0,1,1
2026-01-17,1488,bare+camelCase,1,1,1,1,1,1,1,1,1,0,1,1
2026-01-18,1488,bare+camelCase,1,1,1,1,1,1,1,1,1,0,1,1
2026-01-19,1488,bare+camelCase,1,1,1,1,1,1,1,1,1,0,1,1
2026-01-20,1488,bare+camelCase,1,1,1,1,1,1,1,1,1,0,1,1
2026-01-21,1488,bare+camelCase,1,1,1,1,1,1,1,1,1,0,1,1
2026-01-22,1489,bare+camelCase,1,1,1,1,1,1,1,1,1,0,1,1
2026-01-23,1493,bare+camelCase,1,1,1,1,1,1,1,1,1,0,1,1
2026-01-24,1494,bare+camelCase,1,1,1,1,1,1,1,1,1,0,1,1
2026-01-25,1494,bare+camelCase,1,1,1,1,1,1,1,1,1,0,1,1
2026-01-26,1494,bare+camelCase,1,1,1,1,1,1,1,1,1,0,1,1
2026-01-27,1499,bare+camelCase,1,1,1,1,1,1,1,1,1,0,1,1
2026-01-28,1500,bare+camelCase,1,1,1,1,1,1,1,1,1,0,1,1
2026-01-29,1500,bare+camelCase,1,1,1,1,1,1,1,1,1,0,1,1
2026-01-30,1501,bare+camelCase,1,1,1,1,1,1,1,1,1,0,1,1
2026-01-31,1501,bare+camelCase,1,1,1,1,1,1,1,1,1,0,1,1
2026-02-01,1501,bare+camelCase,1,1,1,1,1,1,1,1,1,0,1,1
2026-02-02,1501,bare+camelCase,1,1,1,1,1,1,1,1,1,0,1,1
2026-02-03,1504,bare+camelCase,1,1,1,1,1,1,1,1,1,0,1,1
2026-02-04,1505,bare+camelCase,1,1,1,1,1,1,1,1,1,0,1,1
2026-02-05,1505,bare+camelCase,1,1,1,1,1,1,1,1,1,0,1,1
2026-02-06,1507,bare+camelCase,1,1,1,1,1,1,1,1,1,0,1,1
2026-02-07,1507,bare+camelCase,1,1,1,1,1,1,1,1,1,0,1,1
2026-02-08,1507,bare+camelCase,1,1,1,1,1,1,1,1,1,0,1,1
2026-02-09,1507,bare+camelCase,1,1,1,1,1,1,1,1,1,0,1,1
2026-02-10,1507,bare+camelCase,1,1,1,1,1,1,1,1,1,0,1,1
2026-02-11,1513,bare+camelCase,1,1,1,1,1,1,1,1,1,0,1,1
2026-02-12,1513,bare+camelCase,1,1,1,1,1,1,1,1,1,0,1,1
2026-02-13,1517,bare+camelCase,1,1,1,1,1,1,1,1,1,0,1,1
2026-02-14,1518,bare+camelCase,1,1,1,1,1,1,1,1,1,0,1,1
2026-02-15,1518,bare+camelCase,1,1,1,1,1,1,1,1,1,0,1,1
2026-02-16,1518,bare+camelCase,1,1,1,1,1,1,1,1,1,0,1,1
2026-02-17,1518,bare+camelCase,1,1,1,1,1,1,1,1,1,0,1,1
2026-02-18,1524,bare+camelCase,1,1,1,1,1,1,1,1,1,0,1,1
2026-02-19,1524,bare+camelCase,1,1,1,1,1,1,1,1,1,0,1,1
2026-02-20,1524,bare+camelCase,1,1,1,1,1,1,1,1,1,0,1,1
2026-02-21,1526,bare+camelCase,1,1,1,1,1,1,1,1,1,0,1,1
2026-02-22,1526,bare+camelCase,1,1,1,1,1,1,1,1,1,0,1,1
2026-02-23,1526,bare+camelCase,1,1,1,1,1,1,1,1,1,0,1,1
2026-02-24,1526,bare+camelCase,1,1,1,1,1,1,1,1,1,0,1,1
2026-02-25,1529,bare+camelCase,1,1,1,1,1,1,1,1,1,0,1,1
2026-02-26,1529,bare+camelCase,1,1,1,1,1,1,1,1,1,0,1,1
2026-02-27,1529,bare+camelCase,1,1,1,1,1,1,1,1,1,0,1,1
2026-02-28,1529,bare+camelCase,1,1,1,1,1,1,1,1,1,0,1,1
2026-03-01,1529,bare+camelCase,1,1,1,1,1,1,1,1,1,0,1,1
2026-03-02,1529,bare+camelCase,1,1,1,1,1,1,1,1,1,0,1,1
2026-03-03,1531,bare+camelCase,1,1,1,1,1,1,1,1,1,0,1,1
2026-03-04,1531,bare+camelCase,1,1,1,1,1,1,1,1,1,0,1,1
2026-03-05,1531,bare+camelCase,1,1,1,1,1,1,1,1,1,0,1,1
2026-03-06,1536,bare+camelCase,1,1,1,1,1,1,1,1,1,0,1,1
2026-03-07,1536,bare+camelCase,1,1,1,1,1,1,1,1,1,0,1,1
2026-03-08,1536,bare+camelCase,1,1,1,1,1,1,1,1,1,0,1,1
2026-03-09,1536,bare+camelCase,1,1,1,1,1,1,1,1,1,0,1,1
2026-03-10,1539,bare+camelCase,1,1,1,1,1,1,1,1,1,0,1,1
2026-03-11,1540,bare+camelCase,1,1,1,1,1,1,1,1,1,0,1,1
2026-03-12,1540,bare+camelCase,1,1,1,1,1,1,1,1,1,0,1,1
2026-03-13,1542,bare+camelCase,1,1,1,1,1,1,1,1,1,0,1,1
2026-03-14,1542,bare+camelCase,1,1,1,1,1,1,1,1,1,0,1,1
2026-03-15,1542,bare+camelCase,1,1,1,1,1,1,1,1,1,0,1,1
2026-03-16,1543,bare+camelCase,1,1,1,1,1,1,1,1,1,0,1,1
2026-03-17,1543,bare+camelCase,1,1,1,1,1,1,1,1,1,0,1,1
2026-03-18,1544,bare+camelCase,1,1,1,1,1,1,1,1,1,0,1,1
2026-03-19,1546,bare+camelCase,1,1,1,1,1,1,1,1,1,0,1,1
2026-03-20,1551,bare+camelCase,1,1,1,1,1,1,1,1,1,0,1,1
2026-03-21,1551,bare+camelCase,1,1,1,1,1,1,1,1,1,0,1,1
2026-03-22,1551,bare+camelCase,1,1,1,1,1,1,1,1,1,0,1,1
2026-03-23,1551,bare+camelCase,1,1,1,1,1,1,1,1,1,0,1,1
2026-03-24,1551,bare+camelCase,1,1,1,1,1,1,1,1,1,0,1,1
2026-03-25,1552,bare+camelCase,1,1,1,1,1,1,1,1,1,0,1,1
2026-03-26,1553,bare+camelCase,1,1,1,1,1,1,1,1,1,0,1,1
2026-03-27,1553,bare+camelCase,1,1,1,1,1,1,1,1,1,0,1,1
2026-03-28,1554,bare+camelCase,1,1,1,1,1,1,1,1,1,0,1,1
2026-03-29,1554,bare+camelCase,1,1,1,1,1,1,1,1,1,0,1,1
2026-03-30,1554,bare+camelCase,1,1,1,1,1,1,1,1,1,0,1,1
2026-03-31,1555,bare+camelCase,1,1,1,1,1,1,1,1,1,0,1,1
2026-04-01,1555,bare+camelCase,1,1,1,1,1,1,1,1,1,0,1,1
2026-04-02,1556,bare+camelCase,1,1,1,1,1,1,1,1,1,0,1,1
2026-04-03,1557,bare+camelCase,1,1,1,1,1,1,1,1,1,0,1,1
2026-04-04,1557,bare+camelCase,1,1,1,1,1,1,1,1,1,0,1,1
2026-04-05,1557,bare+camelCase,1,1,1,1,1,1,1,1,1,0,1,1
2026-04-06,1558,bare+camelCase,1,1,1,1,1,1,1,1,1,0,1,1
2026-04-07,1558,bare+camelCase,1,1,1,1,1,1,1,1,1,0,1,1
2026-04-08,1559,bare+camelCase,1,1,1,1,1,1,1,1,1,0,1,1
2026-04-09,1559,bare+camelCase,1,1,1,1,1,1,1,1,1,0,1,1
2026-04-10,1559,bare+camelCase,1,1,1,1,1,1,1,1,1,0,1,1
2026-04-11,1559,bare+camelCase,1,1,1,1,1,1,1,1,1,0,1,1
2026-04-12,1559,bare+camelCase,1,1,1,1,1,1,1,1,1,0,1,1
2026-04-13,1566,bare+camelCase,1,1,1,1,1,1,1,1,1,0,1,1
2026-04-14,1568,bare+camelCase,1,1,1,1,1,1,1,1,1,0,1,1
2026-04-15,1568,bare+camelCase,1,1,1,1,1,1,1,1,1,0,1,1
2026-04-16,1569,bare+camelCase,1,1,1,1,1,1,1,1,1,0,1,1
2026-04-17,1569,bare+camelCase,1,1,1,1,1,1,1,1,1,0,1,1
2026-04-18,1569,bare+camelCase,1,1,1,1,1,1,1,1,1,0,1,1
2026-04-19,1569,bare+camelCase,1,1,1,1,1,1,1,1,1,0,1,1
2026-04-20,1569,bare+camelCase,1,1,1,1,1,1,1,1,1,0,1,1
2026-04-21,1577,bare+camelCase,1,1,1,1,1,1,1,1,1,0,1,1
2026-04-22,1577,bare+camelCase,1,1,1,1,1,1,1,1,1,0,1,1
2026-04-23,1579,bare+camelCase,1,1,1,1,1,1,1,1,1,0,1,1
2026-04-24,1583,bare+camelCase,1,1,1,1,1,1,1,1,1,0,1,1
2026-04-25,1583,bare+camelCase,1,1,1,1,1,1,1,1,1,0,1,1
2026-04-26,1583,bare+camelCase,1,1,1,1,1,1,1,1,1,0,1,1
2026-04-27,1583,bare+camelCase,1,1,1,1,1,1,1,1,1,0,1,1
2026-04-28,1585,bare+camelCase,1,1,1,1,1,1,1,1,1,0,1,1
2026-04-29,1585,bare+camelCase,1,1,1,1,1,1,1,1,1,0,1,1
2026-04-30,1586,bare+camelCase,1,1,1,1,1,1,1,1,1,0,1,1
2026-05-01,1586,bare+camelCase,1,1,1,1,1,1,1,1,1,0,1,1
2026-05-02,1587,bare+camelCase,1,1,1,1,1,1,1,1,1,0,1,1
2026-05-03,1587,bare+camelCase,1,1,1,1,1,1,1,1,1,0,1,1
2026-05-04,1587,bare+camelCase,1,1,1,1,1,1,1,1,1,0,1,1
2026-05-05,1587,bare+camelCase,1,1,1,1,1,1,1,1,1,0,1,1
2026-05-06,1588,bare+camelCase,1,1,1,1,1,1,1,1,1,0,1,1
2026-05-07,1589,bare+camelCase,1,1,1,1,1,1,1,1,1,0,1,1
2026-05-08,1590,bare+camelCase,1,1,1,1,1,1,1,1,1,0,1,1
2026-05-09,1590,bare+camelCase,1,1,1,1,1,1,1,1,1,0,1,1
2026-05-10,1590,bare+camelCase,1,1,1,1,1,1,1,1,1,0,1,1
2026-05-11,1590,bare+camelCase,1,1,1,1,1,1,1,1,1,0,1,1
2026-05-12,1590,bare+camelCase,1,1,1,1,1,1,1,1,1,0,1,1
2026-05-13,1590,bare+camelCase,1,1,1,1,1,1,1,1,1,0,1,1
2026-05-14,1591,bare+camelCase,1,1,1,1,1,1,1,1,1,0,1,1
2026-05-15,1592,bare+camelCase,1,1,1,1,1,1,1,1,1,0,1,1
2026-05-16,1592,bare+camelCase,1,1,1,1,1,1,1,1,1,0,1,1
2026-05-17,1592,bare+camelCase,1,1,1,1,1,1,1,1,1,0,1,1
2026-05-18,1592,bare+camelCase,1,1,1,1,1,1,1,1,1,0,1,1
2026-05-19,1592,bare+camelCase,1,1,1,1,1,1,1,1,1,0,1,1
2026-05-20,1599,bare+camelCase,1,1,1,1,1,1,1,1,1,0,1,1
2026-05-21,1599,bare+camelCase,1,1,1,1,1,1,1,1,1,0,1,1
2026-05-22,1601,bare+camelCase,1,1,1,1,1,1,1,1,1,0,1,1
2026-05-23,1602,bare+camelCase,1,1,1,1,1,1,1,1,1,0,1,1
2026-05-24,1602,bare+camelCase,1,1,1,1,1,1,1,1,1,0,1,1
2026-05-25,1602,bare+camelCase,1,1,1,1,1,1,1,1,1,0,1,1
2026-05-26,1603,bare+camelCase,1,1,1,1,1,1,1,1,1,0,1,1
2026-05-27,1606,bare+camelCase,1,1,1,1,1,1,1,1,1,0,1,1
2026-05-28,1606,bare+camelCase,1,1,1,1,1,1,1,1,1,0,1,1
2026-05-29,1606,bare+camelCase,1,1,1,1,1,1,1,1,1,0,1,1
2026-05-30,1607,bare+camelCase,1,1,1,1,1,1,1,1,1,0,1,1
2026-05-31,1607,bare+camelCase,1,1,1,1,1,1,1,1,1,0,1,1
2026-06-01,1608,bare+camelCase,1,1,1,1,1,1,1,1,1,0,1,1
2026-06-02,1610,bare+camelCase,1,1,1,1,1,1,1,1,1,0,1,1
2026-06-03,1611,bare+camelCase,1,1,1,1,1,1,1,1,1,0,1,1
2026-06-04,1611,bare+camelCase,1,1,1,1,1,1,1,1,1,0,1,1
2026-06-05,1612,bare+camelCase,1,1,1,1,1,1,1,1,1,0,1,1
2026-06-06,1612,bare+camelCase,1,1,1,1,1,1,1,1,1,0,1,1
2026-06-07,1612,bare+camelCase,1,1,1,1,1,1,1,1,1,0,1,1
2026-06-08,1613,bare+camelCase,1,1,1,1,1,1,1,1,1,0,1,1
2026-06-09,1616,bare+camelCase,1,1,1,1,1,1,1,1,1,0,1,1
2026-06-10,1617,bare+camelCase,1,1,1,1,1,1,1,1,1,0,1,1
2026-06-11,1618,bare+camelCase,1,1,1,1,1,1,1,1,1,0,1,1
2026-06-12,1619,bare+camelCase,1,1,1,1,1,1,1,1,1,0,1,1
2026-06-13,1619,bare+camelCase,1,1,1,1,1,1,1,1,1,0,1,1
2026-06-14,1619,bare+camelCase,1,1,1,1,1,1,1,1,1,0,1,1
2026-06-15,1621,bare+camelCase,1,1,1,1,1,1,1,1,1,0,1,1
2026-06-16,1621,bare+camelCase,1,1,1,1,1,1,1,1,1,0,1,1
2026-06-17,1622,bare+camelCase,1,1,1,1,1,1,1,1,1,0,1,1
2026-06-18,1623,bare+camelCase,1,1,1,1,1,1,1,1,1,0,1,1
2026-06-19,1623,bare+camelCase,1,1,1,1,1,1,1,1,1,0,1,1
2026-06-20,1623,bare+camelCase,1,1,1,1,1,1,1,1,1,0,1,1
2026-06-21,1623,bare+camelCase,1,1,1,1,1,1,1,1,1,0,1,1
2026-06-22,1623,bare+camelCase,1,1,1,1,1,1,1,1,1,0,1,1
2026-06-23,1627,bare+camelCase,1,1,1,1,1,1,1,1,1,0,1,1
2026-06-24,1627,bare+camelCase,1,1,1,1,1,1,1,1,1,0,1,1
2026-06-25,1627,bare+camelCase,1,1,1,1,1,1,1,1,1,0,1,1
2026-06-26,1629,bare+camelCase,1,1,1,1,1,1,1,1,1,0,1,1
2026-06-27,1629,bare+camelCase,1,1,1,1,1,1,1,1,1,0,1,1
2026-06-28,1629,bare+camelCase,1,1,1,1,1,1,1,1,1,0,1,1
2026-06-29,1629,bare+camelCase,1,1,1,1,1,1,1,1,1,0,1,1
2026-06-30,1630,bare+camelCase,1,1,1,1,1,1,1,1,1,0,1,1
2026-07-01,1630,bare+camelCase,1,1,1,1,1,1,1,1,1,0,1,1
2026-07-02,1631,bare+camelCase,1,1,1,1,1,1,1,1,1,0,1,1
2026-07-03,1631,bare+camelCase,1,1,1,1,1,1,1,1,1,0,1,1
2026-07-04,1631,bare+camelCase,1,1,1,1,1,1,1,1,1,0,1,1
2026-07-05,1631,bare+camelCase,1,1,1,1,1,1,1,1,1,0,1,1
2026-07-06,1631,bare+camelCase,1,1,1,1,1,1,1,1,1,0,1,1
2026-07-07,1635,bare+camelCase,1,1,1,1,1,1,1,1,1,0,1,1
2026-07-08,1635,bare+camelCase,1,1,1,1,1,1,1,1,1,0,1,1
2026-07-09,1635,bare+camelCase,1,1,1,1,1,1,1,1,1,0,1,1
2026-07-10,1637,bare+camelCase,1,1,1,1,1,1,1,1,1,0,1,1
2026-07-11,1637,bare+camelCase,1,1,1,1,1,1,1,1,1,0,1,1
2026-07-12,1637,bare+camelCase,1,1,1,1,1,1,1,1,1,0,1,1
2026-07-13,1638,bare+camelCase,1,1,1,1,1,1,1,1,1,0,1,1
2026-07-14,1640,bare+camelCase,1,1,1,1,1,1,1,1,1,0,1,1
2026-07-15,1644,bare+camelCase,1,1,1,1,1,1,1,1,1,0,1,1
2026-07-16,1647,bare+camelCase,1,1,1,1,1,1,1,1,1,0,1,1
2026-07-17,1647,bare+camelCase,1,1,1,1,1,1,1,1,1,0,1,1
2026-07-18,1647,bare+camelCase,1,1,1,1,1,1,1,1,1,0,1,1
2026-07-19,1647,bare+camelCase,1,1,1,1,1,1,1,1,1,0,1,1
2026-07-20,1647,bare+camelCase,1,1,1,1,1,1,1,1,1,0,1,1
2026-07-21,1651,bare+camelCase,1,1,1,1,1,1,1,1,1,0,1,1
2026-07-22,1651,bare+camelCase,1,1,1,1,1,1,1,1,1,0,1,1
2026-07-23,1653,bare+camelCase,1,1,1,1,1,1,1,1,1,0,1,1
2026-07-24,1653,bare+camelCase,1,1,1,1,1,1,1,1,1,0,1,1
2026-07-25,1653,bare+camelCase,1,1,1,1,1,1,1,1,1,0,1,1
2026-07-26,1653,bare+camelCase,1,1,1,1,1,1,1,1,1,0,1,1
2026-07-27,1654,bare+camelCase,1,1,1,1,1,1,1,1,1,0,1,1
2026-07-28,1655,bare+camelCase,1,1,1,1,1,1,1,1,1,0,1,1
2026-07-29,1655,bare+camelCase,1,1,1,1,1,1,1,1,1,0,1,1
2026-07-30,1655,bare+camelCase,1,1,1,1,1,1,1,1,1,0,1,1
2026-07-31,1655,bare+camelCase,1,1,1,1,1,1,1,1,1,0,1,1
2026-08-01,1655,bare+camelCase,1,1,1,1,1,1,1,1,1,0,1,1
2026-08-02,1655,bare+camelCase,1,1,1,1,1,1,1,1,1,0,1,1
2026-08-03,1655,bare+camelCase,1,1,1,1,1,1,1,1,1,0,1,1
2026-08-04,1660,bare+camelCase,1,1,1,1,1,1,1,1,1,0,1,1
2026-08-05,1661,bare+camelCase,1,1,1,1,1,1,1,1,1,0,1,1
2026-08-07,1662,bare+camelCase,1,1,1,1,1,1,1,1,1,0,1,1
2026-08-08,1662,bare+camelCase,1,1,1,1,1,1,1,1,1,0,1,1
2026-08-09,1662,bare+camelCase,1,1,1,1,1,1,1,1,1,0,1,1
2026-08-10,1662,bare+camelCase,1,1,1,1,1,1,1,1,1,0,1,1
2026-08-11,1662,bare+camelCase,1,1,1,1,1,1,1,1,1,0,1,1
2026-08-12,1665,bare+camelCase,1,1,1,1,1,1,1,1,1,0,1,1
2026-08-13,1665,bare+camelCase,1,1,1,1,1,1,1,1,1,0,1,1
2026-08-14,1665,bare+camelCase,1,1,1,1,1,1,1,1,1,0,1,1
2026-08-15,1665,bare+camelCase,1,1,1,1,1,1,1,1,1,0,1,1
2026-08-16,1665,bare+camelCase,1,1,1,1,1,1,1,1,1,0,1,1
2026-08-17,1666,bare+camelCase,1,1,1,1,1,1,1,1,1,0,1,1
2026-08-18,1670,bare+camelCase,1,1,1,1,1,1,1,1,1,0,1,1
2026-08-19,1671,bare+camelCase,1,1,1,1,1,1,1,1,1,0,1,1
2026-08-20,1673,bare+camelCase,1,1,1,1,1,1,1,1,1,0,1,1
2026-08-21,1674,bare+camelCase,1,1,1,1,1,1,1,1,1,0,1,1
2026-08-22,1674,bare+camelCase,1,1,1,1,1,1,1,1,1,0,1,1
2026-08-23,1674,bare+camelCase,1,1,1,1,1,1,1,1,1,0,1,1
2026-08-24,1675,bare+camelCase,1,1,1,1,1,1,1,1,1,0,1,1
2026-08-25,1676,bare+camelCase,1,1,1,1,1,1,1,1,1,0,1,1
2026-08-26,1682,bare+camelCase,1,1,1,1,1,1,1,1,1,0,1,1
2026-08-28,1685,bare+camelCase,1,1,1,1,1,1,1,1,1,0,1,1
2026-08-29,1685,bare+camelCase,1,1,1,1,1,1,1,1,1,0,1,1
2026-08-30,1685,bare+camelCase,1,1,1,1,1,1,1,1,1,0,1,1
2026-08-31,1687,bare+camelCase,1,1,1,1,1,1,1,1,1,0,1,1
2026-09-01,1687,bare+camelCase,1,1,1,1,1,1,1,1,1,1,1,1
2026-09-02,1694,bare+camelCase,1,1,1,1,1,1,1,1,1,1,1,1
2026-09-03,1694,bare+camelCase,1,1,1,1,1,1,1,1,1,1,1,1
2026-09-04,1695,bare+camelCase,1,1,1,1,1,1,1,1,1,1,1,1
2026-09-05,1695,bare+camelCase,1,1,1,1,1,1,1,1,1,1,1,1
2026-09-06,1695,bare+camelCase,1,1,1,1,1,1,1,1,1,1,1,1
2026-09-07,1695,bare+camelCase,1,1,1,1,1,1,1,1,1,1,1,1
2026-09-08,1699,bare+camelCase,1,1,1,1,1,1,1,1,1,1,1,1
2026-09-09,1703,bare+camelCase,1,1,1,1,1,1,1,1,1,1,1,1
