date,catalogVersion,n_records,cveID,vendorProject,product,vulnerabilityName,dateAdded,shortDescription,requiredAction,dueDate,knownRansomwareCampaignUse,forensicTriage,notes,cwes
2023-08-18,2023.08.16,984,1,1,1,1,1,1,1,1,0,0,1,0
2023-08-19,2023.08.16,984,1,1,1,1,1,1,1,1,0,0,1,0
2023-08-20,2023.08.16,984,1,1,1,1,1,1,1,1,0,0,1,0
2023-08-21,2023.08.21,985,1,1,1,1,1,1,1,1,0,0,1,0
2023-08-22,2023.08.22,987,1,1,1,1,1,1,1,1,0,0,1,0
2023-08-23,2023.08.22,987,1,1,1,1,1,1,1,1,0,0,1,0
2023-08-24,2023.08.24,989,1,1,1,1,1,1,1,1,0,0,1,0
2023-08-25,2023.08.24,989,1,1,1,1,1,1,1,1,0,0,1,0
2023-08-26,2023.08.24,989,1,1,1,1,1,1,1,1,0,0,1,0
2023-08-27,2023.08.24,989,1,1,1,1,1,1,1,1,0,0,1,0
2023-08-28,2023.08.24,989,1,1,1,1,1,1,1,1,0,0,1,0
2023-08-29,2023.08.24,989,1,1,1,1,1,1,1,1,0,0,1,0
2023-08-30,2023.08.24,989,1,1,1,1,1,1,1,1,0,0,1,0
2023-08-31,2023.08.24,989,1,1,1,1,1,1,1,1,0,0,1,0
2023-09-01,2023.08.24,989,1,1,1,1,1,1,1,1,0,0,1,0
2023-09-02,2023.08.24,989,1,1,1,1,1,1,1,1,0,0,1,0
2023-09-03,2023.08.24,989,1,1,1,1,1,1,1,1,0,0,1,0
2023-09-04,2023.08.24,989,1,1,1,1,1,1,1,1,0,0,1,0
2023-09-05,2023.08.24,989,1,1,1,1,1,1,1,1,0,0,1,0
2023-09-06,2023.09.06,990,1,1,1,1,1,1,1,1,0,0,1,0
2023-09-07,2023.09.06,990,1,1,1,1,1,1,1,1,0,0,1,0
2023-09-08,2023.09.06,990,1,1,1,1,1,1,1,1,0,0,1,0
2023-09-09,2023.09.06,990,1,1,1,1,1,1,1,1,0,0,1,0
2023-09-10,2023.09.06,990,1,1,1,1,1,1,1,1,0,0,1,0
2023-09-11,2023.09.11,992,1,1,1,1,1,1,1,1,0,0,1,0
2023-09-12,2023.09.12,994,1,1,1,1,1,1,1,1,0,0,1,0
2023-09-13,2023.09.13,997,1,1,1,1,1,1,1,1,0,0,1,0
2023-09-14,2023.09.14,998,1,1,1,1,1,1,1,1,0,0,1,0
2023-09-15,2023.09.14,998,1,1,1,1,1,1,1,1,0,0,1,0
2023-09-16,2023.09.14,998,1,1,1,1,1,1,1,1,0,0,1,0
2023-09-17,2023.09.14,998,1,1,1,1,1,1,1,1,0,0,1,0
2023-09-18,2023.09.18,1006,1,1,1,1,1,1,1,1,0,0,1,0
2023-09-19,2023.09.19,1007,1,1,1,1,1,1,1,1,0,0,1,0
2023-09-20,2023.09.19,1007,1,1,1,1,1,1,1,1,0,0,1,0
2023-09-21,2023.09.21,1008,1,1,1,1,1,1,1,1,0,0,1,0
2023-09-22,2023.09.22,1008,1,1,1,1,1,1,1,1,0,0,1,0
2023-09-23,2023.09.22,1008,1,1,1,1,1,1,1,1,0,0,1,0
2023-09-24,2023.09.22,1008,1,1,1,1,1,1,1,1,0,0,1,0
2023-09-25,2023.09.25,1011,1,1,1,1,1,1,1,1,0,0,1,0
2023-09-26,2023.09.25,1011,1,1,1,1,1,1,1,1,0,0,1,0
2023-09-27,2023.09.25,1011,1,1,1,1,1,1,1,1,0,0,1,0
2023-09-28,2023.09.28,1012,1,1,1,1,1,1,1,1,0,0,1,0
2023-09-29,2023.09.28,1012,1,1,1,1,1,1,1,1,0,0,1,0
2023-09-30,2023.09.28,1012,1,1,1,1,1,1,1,1,0,0,1,0
2023-10-01,2023.09.28,1012,1,1,1,1,1,1,1,1,0,0,1,0
2023-10-02,2023.10.02,1013,1,1,1,1,1,1,1,1,0,0,1,0
2023-10-03,2023.10.03,1014,1,1,1,1,1,1,1,1,0,0,1,0
2023-10-04,2023.10.04,1011,1,1,1,1,1,1,1,1,0,0,1,0
2023-10-05,2023.10.05,1014,1,1,1,1,1,1,1,1,0,0,1,0
2023-10-06,2023.10.05,1014,1,1,1,1,1,1,1,1,0,0,1,0
2023-10-07,2023.10.05,1014,1,1,1,1,1,1,1,1,0,0,1,0
2023-10-08,2023.10.05,1014,1,1,1,1,1,1,1,1,0,0,1,0
2023-10-09,2023.10.05,1014,1,1,1,1,1,1,1,1,0,0,1,0
2023-10-10,2023.10.10,1019,1,1,1,1,1,1,1,1,0,0,1,0
2023-10-11,2023.10.10,1019,1,1,1,1,1,1,1,1,0,0,1,0
2023-10-12,2023.10.12,1019,1,1,1,1,1,1,1,1,1,0,1,0
2023-10-13,2023.10.12,1019,1,1,1,1,1,1,1,1,1,0,1,0
2023-10-14,2023.10.12,1019,1,1,1,1,1,1,1,1,1,0,1,0
2023-10-15,2023.10.12,1019,1,1,1,1,1,1,1,1,1,0,1,0
2023-10-16,2023.10.16,1020,1,1,1,1,1,1,1,1,1,0,1,0
2023-10-17,2023.10.16,1020,1,1,1,1,1,1,1,1,1,0,1,0
2023-10-18,2023.10.18,1021,1,1,1,1,1,1,1,1,1,0,1,0
2023-10-19,2023.10.19,1022,1,1,1,1,1,1,1,1,1,0,1,0
2023-10-20,2023.10.20,1022,1,1,1,1,1,1,1,1,1,0,1,0
2023-10-21,2023.10.20,1022,1,1,1,1,1,1,1,1,1,0,1,0
2023-10-22,2023.10.20,1022,1,1,1,1,1,1,1,1,1,0,1,0
2023-10-23,2023.10.23,1022,1,1,1,1,1,1,1,1,1,0,1,0
2023-10-24,2023.10.24,1022,1,1,1,1,1,1,1,1,1,0,1,0
2023-10-25,2023.10.24,1022,1,1,1,1,1,1,1,1,1,0,1,0
2023-10-26,2023.10.26,1023,1,1,1,1,1,1,1,1,1,0,1,0
2023-10-27,2023.10.26,1023,1,1,1,1,1,1,1,1,1,0,1,0
2023-10-28,2023.10.26,1023,1,1,1,1,1,1,1,1,1,0,1,0
2023-10-29,2023.10.26,1023,1,1,1,1,1,1,1,1,1,0,1,0
2023-10-30,2023.10.26,1023,1,1,1,1,1,1,1,1,1,0,1,0
2023-10-31,2023.10.31,1025,1,1,1,1,1,1,1,1,1,0,1,0
2023-11-01,2023.10.31,1025,1,1,1,1,1,1,1,1,1,0,1,0
2023-11-02,2023.11.02,1026,1,1,1,1,1,1,1,1,1,0,1,0
2023-11-03,2023.11.02,1026,1,1,1,1,1,1,1,1,1,0,1,0
2023-11-04,2023.11.02,1026,1,1,1,1,1,1,1,1,1,0,1,0
2023-11-05,2023.11.02,1026,1,1,1,1,1,1,1,1,1,0,1,0
2023-11-06,2023.11.06,1026,1,1,1,1,1,1,1,1,1,0,1,0
2023-11-07,2023.11.07,1027,1,1,1,1,1,1,1,1,1,0,1,0
2023-11-08,2023.11.08,1028,1,1,1,1,1,1,1,1,1,0,1,0
2023-11-09,2023.11.08,1028,1,1,1,1,1,1,1,1,1,0,1,0
2023-11-10,2023.11.08,1028,1,1,1,1,1,1,1,1,1,0,1,0
2023-11-11,2023.11.08,1028,1,1,1,1,1,1,1,1,1,0,1,0
2023-11-12,2023.11.08,1028,1,1,1,1,1,1,1,1,1,0,1,0
2023-11-13,2023.11.13,1034,1,1,1,1,1,1,1,1,1,0,1,0
2023-11-14,2023.11.14,1037,1,1,1,1,1,1,1,1,1,0,1,0
2023-11-15,2023.11.14,1037,1,1,1,1,1,1,1,1,1,0,1,0
2023-11-16,2023.11.16,1040,1,1,1,1,1,1,1,1,1,0,1,0
2023-11-17,2023.11.16,1040,1,1,1,1,1,1,1,1,1,0,1,0
2023-11-18,2023.11.16,1040,1,1,1,1,1,1,1,1,1,0,1,0
2023-11-19,2023.11.16,1040,1,1,1,1,1,1,1,1,1,0,1,0
2023-11-20,2023.11.16,1040,1,1,1,1,1,1,1,1,1,0,1,0
2023-11-21,2023.11.21,1041,1,1,1,1,1,1,1,1,1,0,1,0
2023-11-22,2023.11.21,1041,1,1,1,1,1,1,1,1,1,0,1,0
2023-11-23,2023.11.21,1041,1,1,1,1,1,1,1,1,1,0,1,0
2023-11-24,2023.11.21,1041,1,1,1,1,1,1,1,1,1,0,1,0
2023-11-25,2023.11.21,1041,1,1,1,1,1,1,1,1,1,0,1,0
2023-11-26,2023.11.21,1041,1,1,1,1,1,1,1,1,1,0,1,0
2023-11-27,2023.11.21,1041,1,1,1,1,1,1,1,1,1,0,1,0
2023-11-28,2023.11.21,1041,1,1,1,1,1,1,1,1,1,0,1,0
2023-11-29,2023.11.21,1041,1,1,1,1,1,1,1,1,1,0,1,0
2023-11-30,2023.11.30,1043,1,1,1,1,1,1,1,1,1,0,1,0
2023-12-01,2023.12.01,1042,1,1,1,1,1,1,1,1,1,0,1,0
2023-12-02,2023.12.01,1042,1,1,1,1,1,1,1,1,1,0,1,0
2023-12-03,2023.12.01,1042,1,1,1,1,1,1,1,1,1,0,1,0
2023-12-04,2023.12.04,1044,1,1,1,1,1,1,1,1,1,0,1,0
2023-12-05,2023.12.05,1048,1,1,1,1,1,1,1,1,1,0,1,0
2023-12-06,2023.12.05,1048,1,1,1,1,1,1,1,1,1,0,1,0
2023-12-07,2023.12.07,1050,1,1,1,1,1,1,1,1,1,0,1,0
2023-12-08,2023.12.07,1050,1,1,1,1,1,1,1,1,1,0,1,0
2023-12-09,2023.12.07,1050,1,1,1,1,1,1,1,1,1,0,1,0
2023-12-10,2023.12.07,1050,1,1,1,1,1,1,1,1,1,0,1,0
2023-12-11,2023.12.11,1051,1,1,1,1,1,1,1,1,1,0,1,0
2023-12-12,2023.12.11,1051,1,1,1,1,1,1,1,1,1,0,1,0
2023-12-13,2023.12.13,1051,1,1,1,1,1,1,1,1,1,0,1,0
2023-12-14,2023.12.13,1051,1,1,1,1,1,1,1,1,1,0,1,0
2023-12-15,2023.12.13,1051,1,1,1,1,1,1,1,1,1,0,1,0
2023-12-16,2023.12.13,1051,1,1,1,1,1,1,1,1,1,0,1,0
2023-12-17,2023.12.13,1051,1,1,1,1,1,1,1,1,1,0,1,0
2023-12-18,2023.12.13,1051,1,1,1,1,1,1,1,1,1,0,1,0
2023-12-19,2023.12.19,1051,1,1,1,1,1,1,1,1,1,0,1,0
2023-12-20,2023.12.19,1051,1,1,1,1,1,1,1,1,1,0,1,0
2023-12-21,2023.12.21,1053,1,1,1,1,1,1,1,1,1,0,1,0
2023-12-22,2023.12.21,1053,1,1,1,1,1,1,1,1,1,0,1,0
2023-12-23,2023.12.21,1053,1,1,1,1,1,1,1,1,1,0,1,0
2023-12-24,2023.12.21,1053,1,1,1,1,1,1,1,1,1,0,1,0
2023-12-25,2023.12.21,1053,1,1,1,1,1,1,1,1,1,0,1,0
2023-12-26,2023.12.21,1053,1,1,1,1,1,1,1,1,1,0,1,0
2023-12-27,2023.12.21,1053,1,1,1,1,1,1,1,1,1,0,1,0
2023-12-28,2023.12.21,1053,1,1,1,1,1,1,1,1,1,0,1,0
2023-12-29,2023.12.21,1053,1,1,1,1,1,1,1,1,1,0,1,0
2023-12-30,2023.12.21,1053,1,1,1,1,1,1,1,1,1,0,1,0
2023-12-31,2023.12.21,1053,1,1,1,1,1,1,1,1,1,0,1,0
2024-01-01,2023.12.21,1053,1,1,1,1,1,1,1,1,1,0,1,0
2024-01-02,2024.01.02,1055,1,1,1,1,1,1,1,1,1,0,1,0
2024-01-03,2024.01.02,1055,1,1,1,1,1,1,1,1,1,0,1,0
2024-01-04,2024.01.02,1055,1,1,1,1,1,1,1,1,1,0,1,0
2024-01-05,2024.01.02,1055,1,1,1,1,1,1,1,1,1,0,1,0
2024-01-06,2024.01.02,1055,1,1,1,1,1,1,1,1,1,0,1,0
2024-01-07,2024.01.02,1055,1,1,1,1,1,1,1,1,1,0,1,0
2024-01-08,2024.01.08,1061,1,1,1,1,1,1,1,1,1,0,1,0
2024-01-09,2024.01.08,1061,1,1,1,1,1,1,1,1,1,0,1,0
2024-01-10,2024.01.10,1064,1,1,1,1,1,1,1,1,1,0,1,0
2024-01-11,2024.01.11,1064,1,1,1,1,1,1,1,1,1,0,1,0
2024-01-12,2024.01.11,1064,1,1,1,1,1,1,1,1,1,0,1,0
2024-01-13,2024.01.11,1064,1,1,1,1,1,1,1,1,1,0,1,0
2024-01-14,2024.01.11,1064,1,1,1,1,1,1,1,1,1,0,1,0
2024-01-15,2024.01.11,1064,1,1,1,1,1,1,1,1,1,0,1,0
2024-01-16,2024.01.16,1065,1,1,1,1,1,1,1,1,1,0,1,0
2024-01-17,2024.01.17,1068,1,1,1,1,1,1,1,1,1,0,1,0
2024-01-18,2024.01.18,1069,1,1,1,1,1,1,1,1,1,0,1,0
2024-01-19,2024.01.18,1069,1,1,1,1,1,1,1,1,1,0,1,0
2024-01-20,2024.01.18,1069,1,1,1,1,1,1,1,1,1,0,1,0
2024-01-21,2024.01.18,1069,1,1,1,1,1,1,1,1,1,0,1,0
2024-01-22,2024.01.22,1070,1,1,1,1,1,1,1,1,1,0,1,0
2024-01-23,2024.01.23,1071,1,1,1,1,1,1,1,1,1,0,1,0
2024-01-24,2024.01.24,1072,1,1,1,1,1,1,1,1,1,0,1,0
2024-01-25,2024.01.24,1072,1,1,1,1,1,1,1,1,1,0,1,0
2024-01-26,2024.01.24,1072,1,1,1,1,1,1,1,1,1,0,1,0
2024-01-27,2024.01.24,1072,1,1,1,1,1,1,1,1,1,0,1,0
2024-01-28,2024.01.24,1072,1,1,1,1,1,1,1,1,1,0,1,0
2024-01-29,2024.01.29,1072,1,1,1,1,1,1,1,1,1,0,1,0
2024-01-30,2024.01.29,1072,1,1,1,1,1,1,1,1,1,0,1,0
2024-01-31,2024.01.31,1074,1,1,1,1,1,1,1,1,1,0,1,0
2024-02-01,2024.01.31,1074,1,1,1,1,1,1,1,1,1,0,1,0
2024-02-02,2024.01.31,1074,1,1,1,1,1,1,1,1,1,0,1,0
2024-02-03,2024.01.31,1074,1,1,1,1,1,1,1,1,1,0,1,0
2024-02-04,2024.01.31,1074,1,1,1,1,1,1,1,1,1,0,1,0
2024-02-05,2024.01.31,1074,1,1,1,1,1,1,1,1,1,0,1,0
2024-02-06,2024.02.06,1075,1,1,1,1,1,1,1,1,1,0,1,0
2024-02-07,2024.02.06,1075,1,1,1,1,1,1,1,1,1,0,1,0
2024-02-08,2024.02.06,1075,1,1,1,1,1,1,1,1,1,0,1,0
2024-02-09,2024.02.09,1076,1,1,1,1,1,1,1,1,1,0,1,0
2024-02-10,2024.02.09,1076,1,1,1,1,1,1,1,1,1,0,1,0
2024-02-11,2024.02.09,1076,1,1,1,1,1,1,1,1,1,0,1,0
2024-02-12,2024.02.12,1077,1,1,1,1,1,1,1,1,1,0,1,0
2024-02-13,2024.02.13,1079,1,1,1,1,1,1,1,1,1,0,1,0
2024-02-14,2024.02.14,1079,1,1,1,1,1,1,1,1,1,0,1,0
2024-02-15,2024.02.15,1081,1,1,1,1,1,1,1,1,1,0,1,0
2024-02-16,2024.02.16,1081,1,1,1,1,1,1,1,1,1,0,1,0
2024-02-17,2024.02.16,1081,1,1,1,1,1,1,1,1,1,0,1,0
2024-02-18,2024.02.16,1081,1,1,1,1,1,1,1,1,1,0,1,0
2024-02-19,2024.02.16,1081,1,1,1,1,1,1,1,1,1,0,1,0
2024-02-20,2024.02.16,1081,1,1,1,1,1,1,1,1,1,0,1,0
2024-02-21,2024.02.16,1081,1,1,1,1,1,1,1,1,1,0,1,0
2024-02-22,2024.02.22,1082,1,1,1,1,1,1,1,1,1,0,1,0
2024-02-23,2024.02.22,1082,1,1,1,1,1,1,1,1,1,0,1,0
2024-02-24,2024.02.22,1082,1,1,1,1,1,1,1,1,1,0,1,0
2024-02-25,2024.02.22,1082,1,1,1,1,1,1,1,1,1,0,1,0
2024-02-26,2024.02.26,1082,1,1,1,1,1,1,1,1,1,0,1,0
2024-02-27,2024.02.26,1082,1,1,1,1,1,1,1,1,1,0,1,0
2024-02-28,2024.02.26,1082,1,1,1,1,1,1,1,1,1,0,1,0
2024-02-29,2024.02.29,1083,1,1,1,1,1,1,1,1,1,0,1,0
2024-03-01,2024.02.29,1083,1,1,1,1,1,1,1,1,1,0,1,0
2024-03-02,2024.02.29,1083,1,1,1,1,1,1,1,1,1,0,1,0
2024-03-03,2024.02.29,1083,1,1,1,1,1,1,1,1,1,0,1,0
2024-03-04,2024.03.04,1084,1,1,1,1,1,1,1,1,1,0,1,0
2024-03-05,2024.03.05,1086,1,1,1,1,1,1,1,1,1,0,1,0
2024-03-06,2024.03.06,1088,1,1,1,1,1,1,1,1,1,0,1,0
2024-03-07,2024.03.07,1089,1,1,1,1,1,1,1,1,1,0,1,0
2024-03-08,2024.03.07,1089,1,1,1,1,1,1,1,1,1,0,1,0
2024-03-09,2024.03.07,1089,1,1,1,1,1,1,1,1,1,0,1,0
2024-03-10,2024.03.07,1089,1,1,1,1,1,1,1,1,1,0,1,0
2024-03-11,2024.03.07,1089,1,1,1,1,1,1,1,1,1,0,1,0
2024-03-12,2024.03.07,1089,1,1,1,1,1,1,1,1,1,0,1,0
2024-03-13,2024.03.07,1089,1,1,1,1,1,1,1,1,1,0,1,0
2024-03-14,2024.03.07,1089,1,1,1,1,1,1,1,1,1,0,1,0
2024-03-15,2024.03.07,1089,1,1,1,1,1,1,1,1,1,0,1,0
2024-03-16,2024.03.07,1089,1,1,1,1,1,1,1,1,1,0,1,0
2024-03-17,2024.03.07,1089,1,1,1,1,1,1,1,1,1,0,1,0
2024-03-18,2024.03.18,1089,1,1,1,1,1,1,1,1,1,0,1,0
2024-03-19,2024.03.18,1089,1,1,1,1,1,1,1,1,1,0,1,0
2024-03-20,2024.03.18,1089,1,1,1,1,1,1,1,1,1,0,1,0
2024-03-21,2024.03.18,1089,1,1,1,1,1,1,1,1,1,0,1,0
2024-03-22,2024.03.18,1089,1,1,1,1,1,1,1,1,1,0,1,0
2024-03-23,2024.03.18,1089,1,1,1,1,1,1,1,1,1,0,1,0
2024-03-24,2024.03.18,1089,1,1,1,1,1,1,1,1,1,0,1,0
2024-03-25,2024.03.25,1092,1,1,1,1,1,1,1,1,1,0,1,0
2024-03-26,2024.03.26,1093,1,1,1,1,1,1,1,1,1,0,1,0
2024-03-27,2024.03.26,1093,1,1,1,1,1,1,1,1,1,0,1,0
2024-03-28,2024.03.26,1093,1,1,1,1,1,1,1,1,1,0,1,0
2024-03-29,2024.03.26,1093,1,1,1,1,1,1,1,1,1,0,1,0
2024-03-30,2024.03.26,1093,1,1,1,1,1,1,1,1,1,0,1,0
2024-03-31,2024.03.26,1093,1,1,1,1,1,1,1,1,1,0,1,0
2024-04-01,2024.03.26,1093,1,1,1,1,1,1,1,1,1,0,1,0
2024-04-02,2024.03.26,1093,1,1,1,1,1,1,1,1,1,0,1,0
2024-04-03,2024.03.26,1093,1,1,1,1,1,1,1,1,1,0,1,0
2024-04-04,2024.04.04,1095,1,1,1,1,1,1,1,1,1,0,1,0
2024-04-05,2024.04.05,1095,1,1,1,1,1,1,1,1,1,0,1,0
2024-04-06,2024.04.05,1095,1,1,1,1,1,1,1,1,1,0,1,0
2024-04-07,2024.04.05,1095,1,1,1,1,1,1,1,1,1,0,1,0
2024-04-08,2024.04.08,1095,1,1,1,1,1,1,1,1,1,0,1,0
2024-04-09,2024.04.09,1095,1,1,1,1,1,1,1,1,1,0,1,0
2024-04-10,2024.04.09,1095,1,1,1,1,1,1,1,1,1,0,1,0
2024-04-11,2024.04.11,1097,1,1,1,1,1,1,1,1,1,0,1,0
2024-04-12,2024.04.12,1098,1,1,1,1,1,1,1,1,1,0,1,0
2024-04-13,2024.04.12,1098,1,1,1,1,1,1,1,1,1,0,1,0
2024-04-14,2024.04.12,1098,1,1,1,1,1,1,1,1,1,0,1,0
2024-04-15,2024.04.15,1098,1,1,1,1,1,1,1,1,1,0,1,0
2024-04-16,2024.04.15,1098,1,1,1,1,1,1,1,1,1,0,1,0
2024-04-17,2024.04.17,1098,1,1,1,1,1,1,1,1,1,0,1,0
2024-04-18,2024.04.17,1098,1,1,1,1,1,1,1,1,1,0,1,0
2024-04-19,2024.04.17,1098,1,1,1,1,1,1,1,1,1,0,1,0
2024-04-20,2024.04.17,1098,1,1,1,1,1,1,1,1,1,0,1,0
2024-04-21,2024.04.17,1098,1,1,1,1,1,1,1,1,1,0,1,0
2024-04-22,2024.04.17,1098,1,1,1,1,1,1,1,1,1,0,1,0
2024-04-23,2024.04.23,1099,1,1,1,1,1,1,1,1,1,0,1,0
2024-04-24,2024.04.24,1102,1,1,1,1,1,1,1,1,1,0,1,0
2024-04-25,2024.04.24,1102,1,1,1,1,1,1,1,1,1,0,1,0
2024-04-26,2024.04.24,1102,1,1,1,1,1,1,1,1,1,0,1,0
2024-04-27,2024.04.24,1102,1,1,1,1,1,1,1,1,1,0,1,0
2024-04-28,2024.04.24,1102,1,1,1,1,1,1,1,1,1,0,1,0
2024-04-29,2024.04.24,1102,1,1,1,1,1,1,1,1,1,0,1,0
2024-04-30,2024.04.30,1103,1,1,1,1,1,1,1,1,1,0,1,0
2024-05-01,2024.05.01,1104,1,1,1,1,1,1,1,1,1,0,1,0
2024-05-02,2024.05.01,1104,1,1,1,1,1,1,1,1,1,0,1,0
2024-05-03,2024.05.01,1104,1,1,1,1,1,1,1,1,1,0,1,0
2024-05-04,2024.05.01,1104,1,1,1,1,1,1,1,1,1,0,1,0
2024-05-05,2024.05.01,1104,1,1,1,1,1,1,1,1,1,0,1,0
2024-05-06,2024.05.01,1104,1,1,1,1,1,1,1,1,1,0,1,0
2024-05-07,2024.05.01,1104,1,1,1,1,1,1,1,1,1,0,1,0
2024-05-08,2024.05.01,1104,1,1,1,1,1,1,1,1,1,0,1,0
2024-05-09,2024.05.01,1104,1,1,1,1,1,1,1,1,1,0,1,0
2024-05-10,2024.05.01,1104,1,1,1,1,1,1,1,1,1,0,1,0
2024-05-11,2024.05.01,1104,1,1,1,1,1,1,1,1,1,0,1,0
2024-05-12,2024.05.01,1104,1,1,1,1,1,1,1,1,1,0,1,0
2024-05-13,2024.05.13,1105,1,1,1,1,1,1,1,1,1,0,1,0
2024-05-14,2024.05.14,1107,1,1,1,1,1,1,1,1,1,0,1,0
2024-05-15,2024.05.15,1107,1,1,1,1,1,1,1,1,1,0,1,0
2024-05-16,2024.05.16,1110,1,1,1,1,1,1,1,1,1,0,1,0
2024-05-17,2024.05.16,1110,1,1,1,1,1,1,1,1,1,0,1,0
2024-05-18,2024.05.16,1110,1,1,1,1,1,1,1,1,1,0,1,0
2024-05-19,2024.05.16,1110,1,1,1,1,1,1,1,1,1,0,1,0
2024-05-20,2024.05.20,1112,1,1,1,1,1,1,1,1,1,0,1,0
2024-05-21,2024.05.20,1112,1,1,1,1,1,1,1,1,1,0,1,0
2024-05-22,2024.05.20,1112,1,1,1,1,1,1,1,1,1,0,1,0
2024-05-23,2024.05.23,1113,1,1,1,1,1,1,1,1,1,0,1,0
2024-05-24,2024.05.23,1113,1,1,1,1,1,1,1,1,1,0,1,0
2024-05-25,2024.05.23,1113,1,1,1,1,1,1,1,1,1,0,1,0
2024-05-26,2024.05.23,1113,1,1,1,1,1,1,1,1,1,0,1,0
2024-05-27,2024.05.23,1113,1,1,1,1,1,1,1,1,1,0,1,0
2024-05-28,2024.05.28,1114,1,1,1,1,1,1,1,1,1,0,1,0
2024-05-29,2024.05.29,1115,1,1,1,1,1,1,1,1,1,0,1,0
2024-05-30,2024.05.30,1117,1,1,1,1,1,1,1,1,1,0,1,0
2024-05-31,2024.05.30,1117,1,1,1,1,1,1,1,1,1,0,1,0
2024-06-01,2024.05.30,1117,1,1,1,1,1,1,1,1,1,0,1,0
2024-06-02,2024.05.30,1117,1,1,1,1,1,1,1,1,1,0,1,0
2024-06-03,2024.06.03,1118,1,1,1,1,1,1,1,1,1,0,1,0
2024-06-04,2024.06.03,1118,1,1,1,1,1,1,1,1,1,0,1,0
2024-06-05,2024.06.03,1118,1,1,1,1,1,1,1,1,1,0,1,0
2024-06-06,2024.06.03,1118,1,1,1,1,1,1,1,1,1,0,1,0
2024-06-07,2024.06.03,1118,1,1,1,1,1,1,1,1,1,0,1,0
2024-06-08,2024.06.03,1118,1,1,1,1,1,1,1,1,1,0,1,0
2024-06-09,2024.06.03,1118,1,1,1,1,1,1,1,1,1,0,1,0
2024-06-10,2024.06.03,1118,1,1,1,1,1,1,1,1,1,0,1,0
2024-06-11,2024.06.03,1118,1,1,1,1,1,1,1,1,1,0,1,0
2024-06-12,2024.06.12,1120,1,1,1,1,1,1,1,1,1,0,1,0
2024-06-13,2024.06.13,1123,1,1,1,1,1,1,1,1,1,0,1,0
2024-06-14,2024.06.13,1123,1,1,1,1,1,1,1,1,1,0,1,0
2024-06-15,2024.06.13,1123,1,1,1,1,1,1,1,1,1,0,1,0
2024-06-16,2024.06.13,1123,1,1,1,1,1,1,1,1,1,0,1,0
2024-06-17,2024.06.13,1123,1,1,1,1,1,1,1,1,1,0,1,0
2024-06-18,2024.06.13,1123,1,1,1,1,1,1,1,1,1,0,1,0
2024-06-19,2024.06.13,1123,1,1,1,1,1,1,1,1,1,0,1,0
2024-06-20,2024.06.13,1123,1,1,1,1,1,1,1,1,1,0,1,0
2024-06-21,2024.06.13,1123,1,1,1,1,1,1,1,1,1,0,1,0
2024-06-22,2024.06.13,1123,1,1,1,1,1,1,1,1,1,0,1,0
2024-06-23,2024.06.13,1123,1,1,1,1,1,1,1,1,1,0,1,0
2024-06-24,2024.06.13,1123,1,1,1,1,1,1,1,1,1,0,1,0
2024-06-25,2024.06.13,1123,1,1,1,1,1,1,1,1,1,0,1,0
2024-06-26,2024.06.26,1126,1,1,1,1,1,1,1,1,1,0,1,1
2024-06-27,2024.06.26,1126,1,1,1,1,1,1,1,1,1,0,1,1
2024-06-28,2024.06.26,1126,1,1,1,1,1,1,1,1,1,0,1,1
2024-06-29,2024.06.26,1126,1,1,1,1,1,1,1,1,1,0,1,1
2024-06-30,2024.06.26,1126,1,1,1,1,1,1,1,1,1,0,1,1
2024-07-01,2024.06.26,1126,1,1,1,1,1,1,1,1,1,0,1,1
2024-07-02,2024.07.02,1127,1,1,1,1,1,1,1,1,1,0,1,1
2024-07-03,2024.07.02,1127,1,1,1,1,1,1,1,1,1,0,1,1
2024-07-04,2024.07.02,1127,1,1,1,1,1,1,1,1,1,0,1,1
2024-07-05,2024.07.02,1127,1,1,1,1,1,1,1,1,1,0,1,1
2024-07-06,2024.07.02,1127,1,1,1,1,1,1,1,1,1,0,1,1
2024-07-07,2024.07.02,1127,1,1,1,1,1,1,1,1,1,0,1,1
2024-07-08,2024.07.08,1127,1,1,1,1,1,1,1,1,1,0,1,1
2024-07-09,2024.07.09,1130,1,1,1,1,1,1,1,1,1,0,1,1
2024-07-10,2024.07.09,1130,1,1,1,1,1,1,1,1,1,0,1,1
2024-07-11,2024.07.09,1130,1,1,1,1,1,1,1,1,1,0,1,1
2024-07-12,2024.07.09,1130,1,1,1,1,1,1,1,1,1,0,1,1
2024-07-13,2024.07.09,1130,1,1,1,1,1,1,1,1,1,0,1,1
2024-07-14,2024.07.09,1130,1,1,1,1,1,1,1,1,1,0,1,1
2024-07-15,2024.07.15,1131,1,1,1,1,1,1,1,1,1,0,1,1
2024-07-16,2024.07.15,1131,1,1,1,1,1,1,1,1,1,0,1,1
2024-07-17,2024.07.17,1134,1,1,1,1,1,1,1,1,1,0,1,1
2024-07-18,2024.07.17,1134,1,1,1,1,1,1,1,1,1,0,1,1
2024-07-19,2024.07.17,1134,1,1,1,1,1,1,1,1,1,0,1,1
2024-07-20,2024.07.17,1134,1,1,1,1,1,1,1,1,1,0,1,1
2024-07-21,2024.07.17,1134,1,1,1,1,1,1,1,1,1,0,1,1
2024-07-22,2024.07.17,1134,1,1,1,1,1,1,1,1,1,0,1,1
2024-07-23,2024.07.23,1136,1,1,1,1,1,1,1,1,1,0,1,1
2024-07-24,2024.07.23,1136,1,1,1,1,1,1,1,1,1,0,1,1
2024-07-25,2024.07.23,1136,1,1,1,1,1,1,1,1,1,0,1,1
2024-07-26,2024.07.23,1136,1,1,1,1,1,1,1,1,1,0,1,1
2024-07-27,2024.07.23,1136,1,1,1,1,1,1,1,1,1,0,1,1
2024-07-28,2024.07.23,1136,1,1,1,1,1,1,1,1,1,0,1,1
2024-07-29,2024.07.29,1139,1,1,1,1,1,1,1,1,1,0,1,1
2024-07-30,2024.07.30,1140,1,1,1,1,1,1,1,1,1,0,1,1
2024-07-31,2024.07.30,1140,1,1,1,1,1,1,1,1,1,0,1,1
2024-08-01,2024.07.30,1140,1,1,1,1,1,1,1,1,1,0,1,1
2024-08-02,2024.07.30,1140,1,1,1,1,1,1,1,1,1,0,1,1
2024-08-03,2024.07.30,1140,1,1,1,1,1,1,1,1,1,0,1,1
2024-08-04,2024.07.30,1140,1,1,1,1,1,1,1,1,1,0,1,1
2024-08-05,2024.08.05,1141,1,1,1,1,1,1,1,1,1,0,1,1
2024-08-06,2024.08.05,1141,1,1,1,1,1,1,1,1,1,0,1,1
2024-08-07,2024.08.07,1143,1,1,1,1,1,1,1,1,1,0,1,1
2024-08-08,2024.08.07,1143,1,1,1,1,1,1,1,1,1,0,1,1
2024-08-09,2024.08.07,1143,1,1,1,1,1,1,1,1,1,0,1,1
2024-08-10,2024.08.07,1143,1,1,1,1,1,1,1,1,1,0,1,1
2024-08-11,2024.08.07,1143,1,1,1,1,1,1,1,1,1,0,1,1
2024-08-12,2024.08.07,1143,1,1,1,1,1,1,1,1,1,0,1,1
2024-08-13,2024.08.13,1149,1,1,1,1,1,1,1,1,1,0,1,1
2024-08-14,2024.08.13,1149,1,1,1,1,1,1,1,1,1,0,1,1
2024-08-15,2024.08.15,1150,1,1,1,1,1,1,1,1,1,0,1,1
2024-08-16,2024.08.15,1150,1,1,1,1,1,1,1,1,1,0,1,1
2024-08-17,2024.08.15,1150,1,1,1,1,1,1,1,1,1,0,1,1
2024-08-18,2024.08.15,1150,1,1,1,1,1,1,1,1,1,0,1,1
2024-08-19,2024.08.19,1151,1,1,1,1,1,1,1,1,1,0,1,1
2024-08-20,2024.08.20,1151,1,1,1,1,1,1,1,1,1,0,1,1
2024-08-21,2024.08.21,1155,1,1,1,1,1,1,1,1,1,0,1,1
2024-08-22,2024.08.21,1155,1,1,1,1,1,1,1,1,1,0,1,1
2024-08-23,2024.08.23,1156,1,1,1,1,1,1,1,1,1,0,1,1
2024-08-24,2024.08.23,1156,1,1,1,1,1,1,1,1,1,0,1,1
2024-08-25,2024.08.23,1156,1,1,1,1,1,1,1,1,1,0,1,1
2024-08-26,2024.08.26,1157,1,1,1,1,1,1,1,1,1,0,1,1
2024-08-27,2024.08.27,1158,1,1,1,1,1,1,1,1,1,0,1,1
2024-08-28,2024.08.28,1159,1,1,1,1,1,1,1,1,1,0,1,1
2024-08-29,2024.08.28,1159,1,1,1,1,1,1,1,1,1,0,1,1
2024-08-30,2024.08.28,1159,1,1,1,1,1,1,1,1,1,0,1,1
2024-08-31,2024.08.28,1159,1,1,1,1,1,1,1,1,1,0,1,1
2024-09-01,2024.08.28,1159,1,1,1,1,1,1,1,1,1,0,1,1
2024-09-02,2024.08.28,1159,1,1,1,1,1,1,1,1,1,0,1,1
2024-09-03,2024.09.03,1162,1,1,1,1,1,1,1,1,1,0,1,1
2024-09-04,2024.09.03,1162,1,1,1,1,1,1,1,1,1,0,1,1
2024-09-05,2024.09.03,1162,1,1,1,1,1,1,1,1,1,0,1,1
2024-09-06,2024.09.03,1162,1,1,1,1,1,1,1,1,1,0,1,1
2024-09-07,2024.09.03,1162,1,1,1,1,1,1,1,1,1,0,1,1
2024-09-08,2024.09.03,1162,1,1,1,1,1,1,1,1,1,0,1,1
2024-09-09,2024.09.09,1165,1,1,1,1,1,1,1,1,1,0,1,1
2024-09-10,2024.09.10,1169,1,1,1,1,1,1,1,1,1,0,1,1
2024-09-11,2024.09.11,1169,1,1,1,1,1,1,1,1,1,0,1,1
2024-09-12,2024.09.11,1169,1,1,1,1,1,1,1,1,1,0,1,1
2024-09-13,2024.09.13,1170,1,1,1,1,1,1,1,1,1,0,1,1
2024-09-14,2024.09.13,1170,1,1,1,1,1,1,1,1,1,0,1,1
2024-09-15,2024.09.13,1170,1,1,1,1,1,1,1,1,1,0,1,1
2024-09-16,2024.09.16,1172,1,1,1,1,1,1,1,1,1,0,1,1
2024-09-17,2024.09.17,1176,1,1,1,1,1,1,1,1,1,0,1,1
2024-09-18,2024.09.18,1181,1,1,1,1,1,1,1,1,1,0,1,1
2024-09-19,2024.09.19,1181,1,1,1,1,1,1,1,1,1,0,1,1
2024-09-20,2024.09.19,1181,1,1,1,1,1,1,1,1,1,0,1,1
2024-09-21,2024.09.19,1181,1,1,1,1,1,1,1,1,1,0,1,1
2024-09-22,2024.09.19,1181,1,1,1,1,1,1,1,1,1,0,1,1
2024-09-23,2024.09.23,1181,1,1,1,1,1,1,1,1,1,0,1,1
2024-09-24,2024.09.24,1182,1,1,1,1,1,1,1,1,1,0,1,1
2024-09-25,2024.09.25,1181,1,1,1,1,1,1,1,1,1,0,1,1
2024-09-26,2024.09.25,1181,1,1,1,1,1,1,1,1,1,0,1,1
2024-09-27,2024.09.25,1181,1,1,1,1,1,1,1,1,1,0,1,1
2024-09-28,2024.09.25,1181,1,1,1,1,1,1,1,1,1,0,1,1
2024-09-29,2024.09.25,1181,1,1,1,1,1,1,1,1,1,0,1,1
2024-09-30,2024.09.30,1185,1,1,1,1,1,1,1,1,1,0,1,1
2024-10-01,2024.09.30,1185,1,1,1,1,1,1,1,1,1,0,1,1
2024-10-02,2024.10.02,1186,1,1,1,1,1,1,1,1,1,0,1,1
2024-10-03,2024.10.03,1187,1,1,1,1,1,1,1,1,1,0,1,1
2024-10-04,2024.10.03,1187,1,1,1,1,1,1,1,1,1,0,1,1
2024-10-05,2024.10.03,1187,1,1,1,1,1,1,1,1,1,0,1,1
2024-10-06,2024.10.03,1187,1,1,1,1,1,1,1,1,1,0,1,1
2024-10-07,2024.10.07,1187,1,1,1,1,1,1,1,1,1,0,1,1
2024-10-08,2024.10.08,1190,1,1,1,1,1,1,1,1,1,0,1,1
2024-10-09,2024.10.09,1193,1,1,1,1,1,1,1,1,1,0,1,1
2024-10-10,2024.10.09,1193,1,1,1,1,1,1,1,1,1,0,1,1
2024-10-11,2024.10.09,1193,1,1,1,1,1,1,1,1,1,0,1,1
2024-10-12,2024.10.09,1193,1,1,1,1,1,1,1,1,1,0,1,1
2024-10-13,2024.10.09,1193,1,1,1,1,1,1,1,1,1,0,1,1
2024-10-14,2024.10.09,1193,1,1,1,1,1,1,1,1,1,0,1,1
2024-10-15,2024.10.15,1196,1,1,1,1,1,1,1,1,1,0,1,1
2024-10-16,2024.10.15,1196,1,1,1,1,1,1,1,1,1,0,1,1
2024-10-17,2024.10.17,1197,1,1,1,1,1,1,1,1,1,0,1,1
2024-10-18,2024.10.17,1197,1,1,1,1,1,1,1,1,1,0,1,1
2024-10-19,2024.10.17,1197,1,1,1,1,1,1,1,1,1,0,1,1
2024-10-20,2024.10.17,1197,1,1,1,1,1,1,1,1,1,0,1,1
2024-10-21,2024.10.21,1198,1,1,1,1,1,1,1,1,1,0,1,1
2024-10-22,2024.10.22,1199,1,1,1,1,1,1,1,1,1,0,1,1
2024-10-23,2024.10.23,1200,1,1,1,1,1,1,1,1,1,0,1,1
2024-10-24,2024.10.24,1202,1,1,1,1,1,1,1,1,1,0,1,1
2024-10-25,2024.10.24,1202,1,1,1,1,1,1,1,1,1,0,1,1
2024-10-26,2024.10.24,1202,1,1,1,1,1,1,1,1,1,0,1,1
2024-10-27,2024.10.24,1202,1,1,1,1,1,1,1,1,1,0,1,1
2024-10-28,2024.10.24,1202,1,1,1,1,1,1,1,1,1,0,1,1
2024-10-29,2024.10.24,1202,1,1,1,1,1,1,1,1,1,0,1,1
2024-10-30,2024.10.24,1202,1,1,1,1,1,1,1,1,1,0,1,1
2024-10-31,2024.10.24,1202,1,1,1,1,1,1,1,1,1,0,1,1
2024-11-01,2024.10.24,1202,1,1,1,1,1,1,1,1,1,0,1,1
2024-11-02,2024.10.24,1202,1,1,1,1,1,1,1,1,1,0,1,1
2024-11-03,2024.10.24,1202,1,1,1,1,1,1,1,1,1,0,1,1
2024-11-04,2024.11.04,1204,1,1,1,1,1,1,1,1,1,0,1,1
2024-11-05,2024.11.04,1204,1,1,1,1,1,1,1,1,1,0,1,1
2024-11-06,2024.11.04,1204,1,1,1,1,1,1,1,1,1,0,1,1
2024-11-07,2024.11.07,1207,1,1,1,1,1,1,1,1,1,0,1,1
2024-11-08,2024.11.07,1207,1,1,1,1,1,1,1,1,1,0,1,1
2024-11-09,2024.11.07,1207,1,1,1,1,1,1,1,1,1,0,1,1
2024-11-10,2024.11.07,1207,1,1,1,1,1,1,1,1,1,0,1,1
2024-11-11,2024.11.07,1207,1,1,1,1,1,1,1,1,1,0,1,1
2024-11-12,2024.11.12,1212,1,1,1,1,1,1,1,1,1,0,1,1
2024-11-13,2024.11.13,1212,1,1,1,1,1,1,1,1,1,0,1,1
2024-11-14,2024.11.14,1214,1,1,1,1,1,1,1,1,1,0,1,1
2024-11-15,2024.11.14,1214,1,1,1,1,1,1,1,1,1,0,1,1
2024-11-16,2024.11.14,1214,1,1,1,1,1,1,1,1,1,0,1,1
2024-11-17,2024.11.14,1214,1,1,1,1,1,1,1,1,1,0,1,1
2024-11-18,2024.11.18,1217,1,1,1,1,1,1,1,1,1,0,1,1
2024-11-19,2024.11.18,1217,1,1,1,1,1,1,1,1,1,0,1,1
2024-11-20,2024.11.20,1219,1,1,1,1,1,1,1,1,1,0,1,1
2024-11-21,2024.11.21,1222,1,1,1,1,1,1,1,1,1,0,1,1
2024-11-22,2024.11.21,1222,1,1,1,1,1,1,1,1,1,0,1,1
2024-11-23,2024.11.21,1222,1,1,1,1,1,1,1,1,1,0,1,1
2024-11-24,2024.11.21,1222,1,1,1,1,1,1,1,1,1,0,1,1
2024-11-25,2024.11.25,1223,1,1,1,1,1,1,1,1,1,0,1,1
2024-11-27,2024.11.27,1223,1,1,1,1,1,1,1,1,1,0,1,1
2024-11-28,2024.11.27,1223,1,1,1,1,1,1,1,1,1,0,1,1
2024-11-29,2024.11.27,1223,1,1,1,1,1,1,1,1,1,0,1,1
2024-11-30,2024.11.27,1223,1,1,1,1,1,1,1,1,1,0,1,1
2024-12-01,2024.11.27,1223,1,1,1,1,1,1,1,1,1,0,1,1
2024-12-02,2024.12.02,1223,1,1,1,1,1,1,1,1,1,0,1,1
2024-12-03,2024.12.03,1226,1,1,1,1,1,1,1,1,1,0,1,1
2024-12-04,2024.12.04,1227,1,1,1,1,1,1,1,1,1,0,1,1
2024-12-05,2024.12.05,1227,1,1,1,1,1,1,1,1,1,0,1,1
2024-12-06,2024.12.05,1227,1,1,1,1,1,1,1,1,1,0,1,1
2024-12-07,2024.12.05,1227,1,1,1,1,1,1,1,1,1,0,1,1
2024-12-08,2024.12.05,1227,1,1,1,1,1,1,1,1,1,0,1,1
2024-12-09,2024.12.05,1227,1,1,1,1,1,1,1,1,1,0,1,1
2024-12-10,2024.12.10,1228,1,1,1,1,1,1,1,1,1,0,1,1
2024-12-11,2024.12.10,1228,1,1,1,1,1,1,1,1,1,0,1,1
2024-12-12,2024.12.10,1228,1,1,1,1,1,1,1,1,1,0,1,1
2024-12-13,2024.12.13,1229,1,1,1,1,1,1,1,1,1,0,1,1
2024-12-14,2024.12.13,1229,1,1,1,1,1,1,1,1,1,0,1,1
2024-12-15,2024.12.13,1229,1,1,1,1,1,1,1,1,1,0,1,1
2024-12-16,2024.12.16,1231,1,1,1,1,1,1,1,1,1,0,1,1
2024-12-17,2024.12.17,1232,1,1,1,1,1,1,1,1,1,0,1,1
2024-12-18,2024.12.18,1236,1,1,1,1,1,1,1,1,1,0,1,1
2024-12-19,2024.12.19,1237,1,1,1,1,1,1,1,1,1,0,1,1
2024-12-20,2024.12.19,1237,1,1,1,1,1,1,1,1,1,0,1,1
2024-12-21,2024.12.19,1237,1,1,1,1,1,1,1,1,1,0,1,1
2024-12-22,2024.12.19,1237,1,1,1,1,1,1,1,1,1,0,1,1
2024-12-23,2024.12.23,1238,1,1,1,1,1,1,1,1,1,0,1,1
2024-12-24,2024.12.23,1238,1,1,1,1,1,1,1,1,1,0,1,1
2024-12-25,2024.12.23,1238,1,1,1,1,1,1,1,1,1,0,1,1
2024-12-26,2024.12.23,1238,1,1,1,1,1,1,1,1,1,0,1,1
2024-12-27,2024.12.23,1238,1,1,1,1,1,1,1,1,1,0,1,1
2024-12-28,2024.12.23,1238,1,1,1,1,1,1,1,1,1,0,1,1
2024-12-29,2024.12.23,1238,1,1,1,1,1,1,1,1,1,0,1,1
2024-12-30,2024.12.30,1239,1,1,1,1,1,1,1,1,1,0,1,1
2024-12-31,2024.12.30,1239,1,1,1,1,1,1,1,1,1,0,1,1
2025-01-01,2024.12.30,1239,1,1,1,1,1,1,1,1,1,0,1,1
2025-01-02,2025.01.02,1239,1,1,1,1,1,1,1,1,1,0,1,1
2025-01-03,2025.01.03,1239,1,1,1,1,1,1,1,1,1,0,1,1
2025-01-04,2025.01.03,1239,1,1,1,1,1,1,1,1,1,0,1,1
2025-01-05,2025.01.03,1239,1,1,1,1,1,1,1,1,1,0,1,1
2025-01-06,2025.01.03,1239,1,1,1,1,1,1,1,1,1,0,1,1
2025-01-07,2025.01.07,1242,1,1,1,1,1,1,1,1,1,0,1,1
2025-01-08,2025.01.08,1243,1,1,1,1,1,1,1,1,1,0,1,1
2025-01-09,2025.01.08,1243,1,1,1,1,1,1,1,1,1,0,1,1
2025-01-10,2025.01.08,1243,1,1,1,1,1,1,1,1,1,0,1,1
2025-01-11,2025.01.08,1243,1,1,1,1,1,1,1,1,1,0,1,1
2025-01-12,2025.01.08,1243,1,1,1,1,1,1,1,1,1,0,1,1
2025-01-13,2025.01.13,1245,1,1,1,1,1,1,1,1,1,0,1,1
2025-01-14,2025.01.14,1249,1,1,1,1,1,1,1,1,1,0,1,1
2025-01-15,2025.01.14,1249,1,1,1,1,1,1,1,1,1,0,1,1
2025-01-16,2025.01.16,1250,1,1,1,1,1,1,1,1,1,0,1,1
2025-01-17,2025.01.16,1250,1,1,1,1,1,1,1,1,1,0,1,1
2025-01-18,2025.01.16,1250,1,1,1,1,1,1,1,1,1,0,1,1
2025-01-19,2025.01.16,1250,1,1,1,1,1,1,1,1,1,0,1,1
2025-01-20,2025.01.16,1250,1,1,1,1,1,1,1,1,1,0,1,1
2025-01-21,2025.01.16,1250,1,1,1,1,1,1,1,1,1,0,1,1
2025-01-22,2025.01.22,1250,1,1,1,1,1,1,1,1,1,0,1,1
2025-01-23,2025.01.23,1251,1,1,1,1,1,1,1,1,1,0,1,1
2025-01-24,2025.01.24,1252,1,1,1,1,1,1,1,1,1,0,1,1
2025-01-25,2025.01.24,1252,1,1,1,1,1,1,1,1,1,0,1,1
2025-01-26,2025.01.24,1252,1,1,1,1,1,1,1,1,1,0,1,1
2025-01-27,2025.01.24,1252,1,1,1,1,1,1,1,1,1,0,1,1
2025-01-28,2025.01.24,1252,1,1,1,1,1,1,1,1,1,0,1,1
2025-01-29,2025.01.29,1253,1,1,1,1,1,1,1,1,1,0,1,1
2025-01-30,2025.01.29,1253,1,1,1,1,1,1,1,1,1,0,1,1
2025-01-31,2025.01.29,1253,1,1,1,1,1,1,1,1,1,0,1,1
2025-02-01,2025.01.29,1253,1,1,1,1,1,1,1,1,1,0,1,1
2025-02-02,2025.01.29,1253,1,1,1,1,1,1,1,1,1,0,1,1
2025-02-03,2025.01.29,1253,1,1,1,1,1,1,1,1,1,0,1,1
2025-02-04,2025.02.04,1257,1,1,1,1,1,1,1,1,1,0,1,1
2025-02-05,2025.02.05,1258,1,1,1,1,1,1,1,1,1,0,1,1
2025-02-06,2025.02.06,1263,1,1,1,1,1,1,1,1,1,0,1,1
2025-02-07,2025.02.07,1264,1,1,1,1,1,1,1,1,1,0,1,1
2025-02-08,2025.02.07,1264,1,1,1,1,1,1,1,1,1,0,1,1
2025-02-09,2025.02.07,1264,1,1,1,1,1,1,1,1,1,0,1,1
2025-02-10,2025.02.07,1264,1,1,1,1,1,1,1,1,1,0,1,1
2025-02-11,2025.02.11,1268,1,1,1,1,1,1,1,1,1,0,1,1
2025-02-12,2025.02.12,1270,1,1,1,1,1,1,1,1,1,0,1,1
2025-02-13,2025.02.13,1271,1,1,1,1,1,1,1,1,1,0,1,1
2025-02-14,2025.02.13,1271,1,1,1,1,1,1,1,1,1,0,1,1
2025-02-15,2025.02.15,1271,1,1,1,1,1,1,1,1,1,0,1,1
2025-02-16,2025.02.15,1271,1,1,1,1,1,1,1,1,1,0,1,1
2025-02-17,2025.02.15,1271,1,1,1,1,1,1,1,1,1,0,1,1
2025-02-18,2025.02.18,1273,1,1,1,1,1,1,1,1,1,0,1,1
2025-02-19,2025.02.19,1273,1,1,1,1,1,1,1,1,1,0,1,1
2025-02-20,2025.02.20,1275,1,1,1,1,1,1,1,1,1,0,1,1
2025-02-21,2025.02.21,1276,1,1,1,1,1,1,1,1,1,0,1,1
2025-02-22,2025.02.21,1276,1,1,1,1,1,1,1,1,1,0,1,1
2025-02-23,2025.02.21,1276,1,1,1,1,1,1,1,1,1,0,1,1
2025-02-24,2025.02.24,1278,1,1,1,1,1,1,1,1,1,0,1,1
2025-02-25,2025.02.25,1280,1,1,1,1,1,1,1,1,1,0,1,1
2025-02-26,2025.02.26,1280,1,1,1,1,1,1,1,1,1,0,1,1
2025-02-27,2025.02.26,1280,1,1,1,1,1,1,1,1,1,0,1,1
2025-02-28,2025.02.26,1280,1,1,1,1,1,1,1,1,1,0,1,1
2025-03-01,2025.02.26,1280,1,1,1,1,1,1,1,1,1,0,1,1
2025-03-02,2025.02.26,1280,1,1,1,1,1,1,1,1,1,0,1,1
2025-03-03,2025.03.03,1285,1,1,1,1,1,1,1,1,1,0,1,1
2025-03-04,2025.03.04,1289,1,1,1,1,1,1,1,1,1,0,1,1
2025-03-05,2025.03.04,1289,1,1,1,1,1,1,1,1,1,0,1,1
2025-03-06,2025.03.04,1289,1,1,1,1,1,1,1,1,1,0,1,1
2025-03-07,2025.03.04,1289,1,1,1,1,1,1,1,1,1,0,1,1
2025-03-08,2025.03.04,1289,1,1,1,1,1,1,1,1,1,0,1,1
2025-03-09,2025.03.04,1289,1,1,1,1,1,1,1,1,1,0,1,1
2025-03-10,2025.03.10,1294,1,1,1,1,1,1,1,1,1,0,1,1
2025-03-11,2025.03.11,1300,1,1,1,1,1,1,1,1,1,0,1,1
2025-03-12,2025.03.11,1300,1,1,1,1,1,1,1,1,1,0,1,1
2025-03-13,2025.03.13,1302,1,1,1,1,1,1,1,1,1,0,1,1
2025-03-14,2025.03.13,1302,1,1,1,1,1,1,1,1,1,0,1,1
2025-03-15,2025.03.13,1302,1,1,1,1,1,1,1,1,1,0,1,1
2025-03-16,2025.03.13,1302,1,1,1,1,1,1,1,1,1,0,1,1
2025-03-17,2025.03.17,1302,1,1,1,1,1,1,1,1,1,0,1,1
2025-03-18,2025.03.18,1304,1,1,1,1,1,1,1,1,1,0,1,1
2025-03-19,2025.03.19,1307,1,1,1,1,1,1,1,1,1,0,1,1
2025-03-20,2025.03.19,1307,1,1,1,1,1,1,1,1,1,0,1,1
2025-03-21,2025.03.21,1307,1,1,1,1,1,1,1,1,1,0,1,1
2025-03-22,2025.03.21,1307,1,1,1,1,1,1,1,1,1,0,1,1
2025-03-23,2025.03.21,1307,1,1,1,1,1,1,1,1,1,0,1,1
2025-03-24,2025.03.24,1308,1,1,1,1,1,1,1,1,1,0,1,1
2025-03-25,2025.03.24,1308,1,1,1,1,1,1,1,1,1,0,1,1
2025-03-26,2025.03.26,1310,1,1,1,1,1,1,1,1,1,0,1,1
2025-03-27,2025.03.27,1311,1,1,1,1,1,1,1,1,1,0,1,1
2025-03-28,2025.03.28,1311,1,1,1,1,1,1,1,1,1,0,1,1
2025-03-29,2025.03.28,1311,1,1,1,1,1,1,1,1,1,0,1,1
2025-03-30,2025.03.28,1311,1,1,1,1,1,1,1,1,1,0,1,1
2025-03-31,2025.03.31,1312,1,1,1,1,1,1,1,1,1,0,1,1
2025-04-01,2025.04.01,1313,1,1,1,1,1,1,1,1,1,0,1,1
2025-04-02,2025.04.01,1313,1,1,1,1,1,1,1,1,1,0,1,1
2025-04-03,2025.04.03,1313,1,1,1,1,1,1,1,1,1,0,1,1
2025-04-04,2025.04.04,1314,1,1,1,1,1,1,1,1,1,0,1,1
2025-04-05,2025.04.04,1314,1,1,1,1,1,1,1,1,1,0,1,1
2025-04-06,2025.04.04,1314,1,1,1,1,1,1,1,1,1,0,1,1
2025-04-07,2025.04.07,1315,1,1,1,1,1,1,1,1,1,0,1,1
2025-04-08,2025.04.08,1317,1,1,1,1,1,1,1,1,1,0,1,1
2025-04-09,2025.04.09,1319,1,1,1,1,1,1,1,1,1,0,1,1
2025-04-10,2025.04.09,1319,1,1,1,1,1,1,1,1,1,0,1,1
2025-04-11,2025.04.11,1319,1,1,1,1,1,1,1,1,1,0,1,1
2025-04-12,2025.04.11,1319,1,1,1,1,1,1,1,1,1,0,1,1
2025-04-13,2025.04.11,1319,1,1,1,1,1,1,1,1,1,0,1,1
2025-04-14,2025.04.14,1319,1,1,1,1,1,1,1,1,1,0,1,1
2025-04-15,2025.04.14,1319,1,1,1,1,1,1,1,1,1,0,1,1
2025-04-16,2025.04.16,1320,1,1,1,1,1,1,1,1,1,0,1,1
2025-04-17,2025.04.17,1323,1,1,1,1,1,1,1,1,1,0,1,1
2025-04-18,2025.04.17,1323,1,1,1,1,1,1,1,1,1,0,1,1
2025-04-19,2025.04.17,1323,1,1,1,1,1,1,1,1,1,0,1,1
2025-04-20,2025.04.17,1323,1,1,1,1,1,1,1,1,1,0,1,1
2025-04-21,2025.04.21,1323,1,1,1,1,1,1,1,1,1,0,1,1
2025-04-22,2025.04.21,1323,1,1,1,1,1,1,1,1,1,0,1,1
2025-04-23,2025.04.21,1323,1,1,1,1,1,1,1,1,1,0,1,1
2025-04-24,2025.04.21,1323,1,1,1,1,1,1,1,1,1,0,1,1
2025-04-25,2025.04.25,1323,1,1,1,1,1,1,1,1,1,0,1,1
2025-04-26,2025.04.25,1323,1,1,1,1,1,1,1,1,1,0,1,1
2025-04-27,2025.04.25,1323,1,1,1,1,1,1,1,1,1,0,1,1
2025-04-28,2025.04.28,1326,1,1,1,1,1,1,1,1,1,0,1,1
2025-04-29,2025.04.29,1327,1,1,1,1,1,1,1,1,1,0,1,1
2025-04-30,2025.04.29,1327,1,1,1,1,1,1,1,1,1,0,1,1
2025-05-01,2025.05.01,1329,1,1,1,1,1,1,1,1,1,0,1,1
2025-05-02,2025.05.02,1331,1,1,1,1,1,1,1,1,1,0,1,1
2025-05-03,2025.05.02,1331,1,1,1,1,1,1,1,1,1,0,1,1
2025-05-04,2025.05.02,1331,1,1,1,1,1,1,1,1,1,0,1,1
2025-05-05,2025.05.05,1332,1,1,1,1,1,1,1,1,1,0,1,1
2025-05-06,2025.05.06,1333,1,1,1,1,1,1,1,1,1,0,1,1
2025-05-07,2025.05.07,1335,1,1,1,1,1,1,1,1,1,0,1,1
2025-05-08,2025.05.08,1335,1,1,1,1,1,1,1,1,1,0,1,1
2025-05-09,2025.05.08,1335,1,1,1,1,1,1,1,1,1,0,1,1
2025-05-10,2025.05.08,1335,1,1,1,1,1,1,1,1,1,0,1,1
2025-05-11,2025.05.08,1335,1,1,1,1,1,1,1,1,1,0,1,1
2025-05-12,2025.05.12,1336,1,1,1,1,1,1,1,1,1,0,1,1
2025-05-13,2025.05.13,1341,1,1,1,1,1,1,1,1,1,0,1,1
2025-05-14,2025.05.14,1342,1,1,1,1,1,1,1,1,1,0,1,1
2025-05-15,2025.05.15,1345,1,1,1,1,1,1,1,1,1,0,1,1
2025-05-16,2025.05.15,1345,1,1,1,1,1,1,1,1,1,0,1,1
2025-05-17,2025.05.15,1345,1,1,1,1,1,1,1,1,1,0,1,1
2025-05-18,2025.05.15,1345,1,1,1,1,1,1,1,1,1,0,1,1
2025-05-19,2025.05.19,1351,1,1,1,1,1,1,1,1,1,0,1,1
2025-05-20,2025.05.19,1351,1,1,1,1,1,1,1,1,1,0,1,1
2025-05-21,2025.05.19,1351,1,1,1,1,1,1,1,1,1,0,1,1
2025-05-22,2025.05.22,1352,1,1,1,1,1,1,1,1,1,0,1,1
2025-05-23,2025.05.22,1352,1,1,1,1,1,1,1,1,1,0,1,1
2025-05-24,2025.05.22,1352,1,1,1,1,1,1,1,1,1,0,1,1
2025-05-25,2025.05.22,1352,1,1,1,1,1,1,1,1,1,0,1,1
2025-05-26,2025.05.22,1352,1,1,1,1,1,1,1,1,1,0,1,1
2025-05-27,2025.05.27,1352,1,1,1,1,1,1,1,1,1,0,1,1
2025-05-28,2025.05.27,1352,1,1,1,1,1,1,1,1,1,0,1,1
2025-05-29,2025.05.29,1352,1,1,1,1,1,1,1,1,1,0,1,1
2025-05-30,2025.05.30,1352,1,1,1,1,1,1,1,1,1,0,1,1
2025-05-31,2025.05.30,1352,1,1,1,1,1,1,1,1,1,0,1,1
2025-06-01,2025.05.30,1352,1,1,1,1,1,1,1,1,1,0,1,1
2025-06-02,2025.06.02,1357,1,1,1,1,1,1,1,1,1,0,1,1
2025-06-03,2025.06.03,1360,1,1,1,1,1,1,1,1,1,0,1,1
2025-06-04,2025.06.03,1360,1,1,1,1,1,1,1,1,1,0,1,1
2025-06-05,2025.06.05,1360,1,1,1,1,1,1,1,1,1,0,1,1
2025-06-06,2025.06.05,1360,1,1,1,1,1,1,1,1,1,0,1,1
2025-06-07,2025.06.05,1360,1,1,1,1,1,1,1,1,1,0,1,1
2025-06-08,2025.06.05,1360,1,1,1,1,1,1,1,1,1,0,1,1
2025-06-09,2025.06.09,1362,1,1,1,1,1,1,1,1,1,0,1,1
2025-06-10,2025.06.10,1364,1,1,1,1,1,1,1,1,1,0,1,1
2025-06-11,2025.06.10,1364,1,1,1,1,1,1,1,1,1,0,1,1
2025-06-12,2025.06.12,1364,1,1,1,1,1,1,1,1,1,0,1,1
2025-06-13,2025.06.13,1364,1,1,1,1,1,1,1,1,1,0,1,1
2025-06-14,2025.06.13,1364,1,1,1,1,1,1,1,1,1,0,1,1
2025-06-15,2025.06.13,1364,1,1,1,1,1,1,1,1,1,0,1,1
2025-06-16,2025.06.16,1366,1,1,1,1,1,1,1,1,1,0,1,1
2025-06-17,2025.06.17,1367,1,1,1,1,1,1,1,1,1,0,1,1
2025-06-18,2025.06.17,1367,1,1,1,1,1,1,1,1,1,0,1,1
2025-06-19,2025.06.17,1367,1,1,1,1,1,1,1,1,1,0,1,1
2025-06-20,2025.06.20,1367,1,1,1,1,1,1,1,1,1,0,1,1
2025-06-21,2025.06.20,1367,1,1,1,1,1,1,1,1,1,0,1,1
2025-06-22,2025.06.20,1367,1,1,1,1,1,1,1,1,1,0,1,1
2025-06-23,2025.06.20,1367,1,1,1,1,1,1,1,1,1,0,1,1
2025-06-24,2025.06.20,1367,1,1,1,1,1,1,1,1,1,0,1,1
2025-06-25,2025.06.25,1370,1,1,1,1,1,1,1,1,1,0,1,1
2025-06-26,2025.06.25,1370,1,1,1,1,1,1,1,1,1,0,1,1
2025-06-27,2025.06.25,1370,1,1,1,1,1,1,1,1,1,0,1,1
2025-06-28,2025.06.25,1370,1,1,1,1,1,1,1,1,1,0,1,1
2025-06-29,2025.06.25,1370,1,1,1,1,1,1,1,1,1,0,1,1
2025-06-30,2025.06.30,1371,1,1,1,1,1,1,1,1,1,0,1,1
2025-07-01,2025.07.01,1373,1,1,1,1,1,1,1,1,1,0,1,1
2025-07-02,2025.07.02,1374,1,1,1,1,1,1,1,1,1,0,1,1
2025-07-03,2025.07.02,1374,1,1,1,1,1,1,1,1,1,0,1,1
2025-07-04,2025.07.02,1374,1,1,1,1,1,1,1,1,1,0,1,1
2025-07-05,2025.07.02,1374,1,1,1,1,1,1,1,1,1,0,1,1
2025-07-06,2025.07.02,1374,1,1,1,1,1,1,1,1,1,0,1,1
2025-07-07,2025.07.07,1378,1,1,1,1,1,1,1,1,1,0,1,1
2025-07-08,2025.07.07,1378,1,1,1,1,1,1,1,1,1,0,1,1
2025-07-09,2025.07.07,1378,1,1,1,1,1,1,1,1,1,0,1,1
2025-07-10,2025.07.10,1379,1,1,1,1,1,1,1,1,1,0,1,1
2025-07-11,2025.07.10,1379,1,1,1,1,1,1,1,1,1,0,1,1
2025-07-12,2025.07.10,1379,1,1,1,1,1,1,1,1,1,0,1,1
2025-07-13,2025.07.10,1379,1,1,1,1,1,1,1,1,1,0,1,1
2025-07-14,2025.07.14,1380,1,1,1,1,1,1,1,1,1,0,1,1
2025-07-15,2025.07.14,1380,1,1,1,1,1,1,1,1,1,0,1,1
2025-07-16,2025.07.14,1380,1,1,1,1,1,1,1,1,1,0,1,1
2025-07-17,2025.07.14,1380,1,1,1,1,1,1,1,1,1,0,1,1
2025-07-18,2025.07.18,1381,1,1,1,1,1,1,1,1,1,0,1,1
2025-07-19,2025.07.18,1381,1,1,1,1,1,1,1,1,1,0,1,1
2025-07-20,2025.07.20,1382,1,1,1,1,1,1,1,1,1,0,1,1
2025-07-21,2025.07.20,1382,1,1,1,1,1,1,1,1,1,0,1,1
2025-07-22,2025.07.22,1388,1,1,1,1,1,1,1,1,1,0,1,1
2025-07-23,2025.07.22,1388,1,1,1,1,1,1,1,1,1,0,1,1
2025-07-24,2025.07.24,1388,1,1,1,1,1,1,1,1,1,0,1,1
2025-07-25,2025.07.24,1388,1,1,1,1,1,1,1,1,1,0,1,1
2025-07-26,2025.07.24,1388,1,1,1,1,1,1,1,1,1,0,1,1
2025-07-27,2025.07.24,1388,1,1,1,1,1,1,1,1,1,0,1,1
2025-07-28,2025.07.28,1391,1,1,1,1,1,1,1,1,1,0,1,1
2025-07-29,2025.07.29,1391,1,1,1,1,1,1,1,1,1,0,1,1
2025-07-30,2025.07.29,1391,1,1,1,1,1,1,1,1,1,0,1,1
2025-07-31,2025.07.29,1391,1,1,1,1,1,1,1,1,1,0,1,1
2025-08-01,2025.07.29,1391,1,1,1,1,1,1,1,1,1,0,1,1
2025-08-02,2025.07.29,1391,1,1,1,1,1,1,1,1,1,0,1,1
2025-08-03,2025.07.29,1391,1,1,1,1,1,1,1,1,1,0,1,1
2025-08-04,2025.08.04,1391,1,1,1,1,1,1,1,1,1,0,1,1
2025-08-05,2025.08.05,1394,1,1,1,1,1,1,1,1,1,0,1,1
2025-08-06,2025.08.05,1394,1,1,1,1,1,1,1,1,1,0,1,1
2025-08-07,2025.08.05,1394,1,1,1,1,1,1,1,1,1,0,1,1
2025-08-08,2025.08.05,1394,1,1,1,1,1,1,1,1,1,0,1,1
2025-08-09,2025.08.05,1394,1,1,1,1,1,1,1,1,1,0,1,1
2025-08-10,2025.08.05,1394,1,1,1,1,1,1,1,1,1,0,1,1
2025-08-11,2025.08.05,1394,1,1,1,1,1,1,1,1,1,0,1,1
2025-08-12,2025.08.12,1397,1,1,1,1,1,1,1,1,1,0,1,1
2025-08-13,2025.08.13,1399,1,1,1,1,1,1,1,1,1,0,1,1
2025-08-14,2025.08.14,1399,1,1,1,1,1,1,1,1,1,0,1,1
2025-08-15,2025.08.14,1399,1,1,1,1,1,1,1,1,1,0,1,1
2025-08-16,2025.08.14,1399,1,1,1,1,1,1,1,1,1,0,1,1
2025-08-17,2025.08.14,1399,1,1,1,1,1,1,1,1,1,0,1,1
2025-08-18,2025.08.18,1400,1,1,1,1,1,1,1,1,1,0,1,1
2025-08-19,2025.08.18,1400,1,1,1,1,1,1,1,1,1,0,1,1
2025-08-20,2025.08.18,1400,1,1,1,1,1,1,1,1,1,0,1,1
2025-08-21,2025.08.21,1401,1,1,1,1,1,1,1,1,1,0,1,1
2025-08-22,2025.08.21,1401,1,1,1,1,1,1,1,1,1,0,1,1
2025-08-23,2025.08.21,1401,1,1,1,1,1,1,1,1,1,0,1,1
2025-08-24,2025.08.21,1401,1,1,1,1,1,1,1,1,1,0,1,1
2025-08-25,2025.08.25,1404,1,1,1,1,1,1,1,1,1,0,1,1
2025-08-26,2025.08.26,1405,1,1,1,1,1,1,1,1,1,0,1,1
2025-08-27,2025.08.26,1405,1,1,1,1,1,1,1,1,1,0,1,1
2025-08-28,2025.08.26,1405,1,1,1,1,1,1,1,1,1,0,1,1
2025-08-29,2025.08.29,1406,1,1,1,1,1,1,1,1,1,0,1,1
2025-08-30,2025.08.29,1406,1,1,1,1,1,1,1,1,1,0,1,1
2025-08-31,2025.08.29,1406,1,1,1,1,1,1,1,1,1,0,1,1
2025-09-01,2025.08.29,1406,1,1,1,1,1,1,1,1,1,0,1,1
2025-09-02,2025.09.02,1408,1,1,1,1,1,1,1,1,1,0,1,1
2025-09-03,2025.09.03,1410,1,1,1,1,1,1,1,1,1,0,1,1
2025-09-04,2025.09.04,1413,1,1,1,1,1,1,1,1,1,0,1,1
2025-09-05,2025.09.04,1413,1,1,1,1,1,1,1,1,1,0,1,1
2025-09-06,2025.09.04,1413,1,1,1,1,1,1,1,1,1,0,1,1
2025-09-07,2025.09.04,1413,1,1,1,1,1,1,1,1,1,0,1,1
2025-09-08,2025.09.04,1413,1,1,1,1,1,1,1,1,1,0,1,1
2025-09-09,2025.09.04,1413,1,1,1,1,1,1,1,1,1,0,1,1
2025-09-10,2025.09.04,1413,1,1,1,1,1,1,1,1,1,0,1,1
2025-09-11,2025.09.11,1414,1,1,1,1,1,1,1,1,1,0,1,1
2025-09-12,2025.09.11,1414,1,1,1,1,1,1,1,1,1,0,1,1
2025-09-13,2025.09.11,1414,1,1,1,1,1,1,1,1,1,0,1,1
2025-09-14,2025.09.11,1414,1,1,1,1,1,1,1,1,1,0,1,1
2025-09-15,2025.09.11,1414,1,1,1,1,1,1,1,1,1,0,1,1
2025-09-16,2025.09.11,1414,1,1,1,1,1,1,1,1,1,0,1,1
2025-09-17,2025.09.11,1414,1,1,1,1,1,1,1,1,1,0,1,1
2025-09-18,2025.09.11,1414,1,1,1,1,1,1,1,1,1,0,1,1
2025-09-19,2025.09.11,1414,1,1,1,1,1,1,1,1,1,0,1,1
2025-09-20,2025.09.11,1414,1,1,1,1,1,1,1,1,1,0,1,1
2025-09-21,2025.09.11,1414,1,1,1,1,1,1,1,1,1,0,1,1
2025-09-22,2025.09.11,1414,1,1,1,1,1,1,1,1,1,0,1,1
2025-09-23,2025.09.23,1415,1,1,1,1,1,1,1,1,1,0,1,1
2025-09-24,2025.09.23,1415,1,1,1,1,1,1,1,1,1,0,1,1
2025-09-25,2025.09.25,1417,1,1,1,1,1,1,1,1,1,0,1,1
2025-09-26,2025.09.25,1417,1,1,1,1,1,1,1,1,1,0,1,1
2025-09-27,2025.09.25,1417,1,1,1,1,1,1,1,1,1,0,1,1
2025-09-28,2025.09.25,1417,1,1,1,1,1,1,1,1,1,0,1,1
2025-09-29,2025.09.29,1422,1,1,1,1,1,1,1,1,1,0,1,1
2025-09-30,2025.09.30,1422,1,1,1,1,1,1,1,1,1,0,1,1
2025-10-01,2025.09.30,1422,1,1,1,1,1,1,1,1,1,0,1,1
2025-10-02,2025.10.02,1427,1,1,1,1,1,1,1,1,1,0,1,1
2025-10-03,2025.10.02,1427,1,1,1,1,1,1,1,1,1,0,1,1
2025-10-04,2025.10.02,1427,1,1,1,1,1,1,1,1,1,0,1,1
2025-10-05,2025.10.02,1427,1,1,1,1,1,1,1,1,1,0,1,1
2025-10-06,2025.10.06,1434,1,1,1,1,1,1,1,1,1,0,1,1
2025-10-07,2025.10.07,1435,1,1,1,1,1,1,1,1,1,0,1,1
2025-10-08,2025.10.08,1435,1,1,1,1,1,1,1,1,1,0,1,1
2025-10-09,2025.10.09,1436,1,1,1,1,1,1,1,1,1,0,1,1
2025-10-10,2025.10.09,1436,1,1,1,1,1,1,1,1,1,0,1,1
2025-10-11,2025.10.09,1436,1,1,1,1,1,1,1,1,1,0,1,1
2025-10-12,2025.10.09,1436,1,1,1,1,1,1,1,1,1,0,1,1
2025-10-13,2025.10.09,1436,1,1,1,1,1,1,1,1,1,0,1,1
2025-10-14,2025.10.14,1441,1,1,1,1,1,1,1,1,1,0,1,1
2025-10-15,2025.10.15,1442,1,1,1,1,1,1,1,1,1,0,1,1
2025-10-16,2025.10.15,1442,1,1,1,1,1,1,1,1,1,0,1,1
2025-10-17,2025.10.15,1442,1,1,1,1,1,1,1,1,1,0,1,1
2025-10-18,2025.10.15,1442,1,1,1,1,1,1,1,1,1,0,1,1
2025-10-19,2025.10.15,1442,1,1,1,1,1,1,1,1,1,0,1,1
2025-10-20,2025.10.20,1447,1,1,1,1,1,1,1,1,1,0,1,1
2025-10-21,2025.10.21,1447,1,1,1,1,1,1,1,1,1,0,1,1
2025-10-22,2025.10.22,1447,1,1,1,1,1,1,1,1,1,0,1,1
2025-10-23,2025.10.22,1447,1,1,1,1,1,1,1,1,1,0,1,1
2025-10-24,2025.10.24,1449,1,1,1,1,1,1,1,1,1,0,1,1
2025-10-25,2025.10.24,1449,1,1,1,1,1,1,1,1,1,0,1,1
2025-10-26,2025.10.24,1449,1,1,1,1,1,1,1,1,1,0,1,1
2025-10-27,2025.10.24,1449,1,1,1,1,1,1,1,1,1,0,1,1
2025-10-28,2025.10.28,1451,1,1,1,1,1,1,1,1,1,0,1,1
2025-10-29,2025.10.29,1451,1,1,1,1,1,1,1,1,1,0,1,1
2025-10-30,2025.10.30,1453,1,1,1,1,1,1,1,1,1,0,1,1
2025-10-31,2025.10.30,1453,1,1,1,1,1,1,1,1,1,0,1,1
2025-11-01,2025.10.30,1453,1,1,1,1,1,1,1,1,1,0,1,1
2025-11-02,2025.10.30,1453,1,1,1,1,1,1,1,1,1,0,1,1
2025-11-03,2025.10.30,1453,1,1,1,1,1,1,1,1,1,0,1,1
2025-11-04,2025.11.04,1455,1,1,1,1,1,1,1,1,1,0,1,1
2025-11-05,2025.11.04,1455,1,1,1,1,1,1,1,1,1,0,1,1
2025-11-06,2025.11.04,1455,1,1,1,1,1,1,1,1,1,0,1,1
2025-11-07,2025.11.04,1455,1,1,1,1,1,1,1,1,1,0,1,1
2025-11-08,2025.11.04,1455,1,1,1,1,1,1,1,1,1,0,1,1
2025-11-09,2025.11.04,1455,1,1,1,1,1,1,1,1,1,0,1,1
2025-11-10,2025.11.10,1456,1,1,1,1,1,1,1,1,1,0,1,1
2025-11-11,2025.11.10,1456,1,1,1,1,1,1,1,1,1,0,1,1
2025-11-12,2025.11.12,1459,1,1,1,1,1,1,1,1,1,0,1,1
2025-11-13,2025.11.12,1459,1,1,1,1,1,1,1,1,1,0,1,1
2025-11-14,2025.11.14,1460,1,1,1,1,1,1,1,1,1,0,1,1
2025-11-15,2025.11.14,1460,1,1,1,1,1,1,1,1,1,0,1,1
2025-11-16,2025.11.14,1460,1,1,1,1,1,1,1,1,1,0,1,1
2025-11-17,2025.11.14,1460,1,1,1,1,1,1,1,1,1,0,1,1
2025-11-18,2025.11.18,1461,1,1,1,1,1,1,1,1,1,0,1,1
2025-11-19,2025.11.19,1462,1,1,1,1,1,1,1,1,1,0,1,1
2025-11-20,2025.11.19,1462,1,1,1,1,1,1,1,1,1,0,1,1
2025-11-21,2025.11.21,1463,1,1,1,1,1,1,1,1,1,0,1,1
2025-11-22,2025.11.21,1463,1,1,1,1,1,1,1,1,1,0,1,1
2025-11-23,2025.11.21,1463,1,1,1,1,1,1,1,1,1,0,1,1
2025-11-24,2025.11.21,1463,1,1,1,1,1,1,1,1,1,0,1,1
2025-11-25,2025.11.21,1463,1,1,1,1,1,1,1,1,1,0,1,1
2025-11-26,2025.11.21,1463,1,1,1,1,1,1,1,1,1,0,1,1
2025-11-27,2025.11.21,1463,1,1,1,1,1,1,1,1,1,0,1,1
2025-11-28,2025.11.28,1464,1,1,1,1,1,1,1,1,1,0,1,1
2025-11-29,2025.11.28,1464,1,1,1,1,1,1,1,1,1,0,1,1
2025-11-30,2025.11.28,1464,1,1,1,1,1,1,1,1,1,0,1,1
2025-12-01,2025.11.28,1464,1,1,1,1,1,1,1,1,1,0,1,1
2025-12-02,2025.12.02,1466,1,1,1,1,1,1,1,1,1,0,1,1
2025-12-03,2025.12.03,1467,1,1,1,1,1,1,1,1,1,0,1,1
2025-12-04,2025.12.03,1467,1,1,1,1,1,1,1,1,1,0,1,1
2025-12-05,2025.12.05,1468,1,1,1,1,1,1,1,1,1,0,1,1
2025-12-06,2025.12.05,1468,1,1,1,1,1,1,1,1,1,0,1,1
2025-12-07,2025.12.05,1468,1,1,1,1,1,1,1,1,1,0,1,1
2025-12-08,2025.12.08,1470,1,1,1,1,1,1,1,1,1,0,1,1
2025-12-09,2025.12.09,1472,1,1,1,1,1,1,1,1,1,0,1,1
2025-12-10,2025.12.09,1472,1,1,1,1,1,1,1,1,1,0,1,1
2025-12-11,2025.12.11,1473,1,1,1,1,1,1,1,1,1,0,1,1
2025-12-12,2025.12.12,1475,1,1,1,1,1,1,1,1,1,0,1,1
2025-12-13,2025.12.12,1475,1,1,1,1,1,1,1,1,1,0,1,1
2025-12-14,2025.12.12,1475,1,1,1,1,1,1,1,1,1,0,1,1
2025-12-15,2025.12.15,1477,1,1,1,1,1,1,1,1,1,0,1,1
2025-12-16,2025.12.16,1478,1,1,1,1,1,1,1,1,1,0,1,1
2025-12-17,2025.12.17,1481,1,1,1,1,1,1,1,1,1,0,1,1
2025-12-18,2025.12.18,1481,1,1,1,1,1,1,1,1,1,0,1,1
2025-12-19,2025.12.19,1482,1,1,1,1,1,1,1,1,1,0,1,1
2025-12-20,2025.12.19,1482,1,1,1,1,1,1,1,1,1,0,1,1
2025-12-21,2025.12.19,1482,1,1,1,1,1,1,1,1,1,0,1,1
2025-12-22,2025.12.22,1483,1,1,1,1,1,1,1,1,1,0,1,1
2025-12-23,2025.12.22,1483,1,1,1,1,1,1,1,1,1,0,1,1
2025-12-24,2025.12.22,1483,1,1,1,1,1,1,1,1,1,0,1,1
2025-12-25,2025.12.22,1483,1,1,1,1,1,1,1,1,1,0,1,1
2025-12-26,2025.12.22,1483,1,1,1,1,1,1,1,1,1,0,1,1
2025-12-27,2025.12.22,1483,1,1,1,1,1,1,1,1,1,0,1,1
2025-12-28,2025.12.22,1483,1,1,1,1,1,1,1,1,1,0,1,1
2025-12-29,2025.12.29,1484,1,1,1,1,1,1,1,1,1,0,1,1
2025-12-30,2025.12.29,1484,1,1,1,1,1,1,1,1,1,0,1,1
2025-12-31,2025.12.29,1484,1,1,1,1,1,1,1,1,1,0,1,1
2026-01-01,2025.12.29,1484,1,1,1,1,1,1,1,1,1,0,1,1
2026-01-02,2025.12.29,1484,1,1,1,1,1,1,1,1,1,0,1,1
2026-01-03,2025.12.29,1484,1,1,1,1,1,1,1,1,1,0,1,1
2026-01-04,2025.12.29,1484,1,1,1,1,1,1,1,1,1,0,1,1
2026-01-05,2025.12.29,1484,1,1,1,1,1,1,1,1,1,0,1,1
2026-01-06,2025.12.29,1484,1,1,1,1,1,1,1,1,1,0,1,1
2026-01-07,2026.01.07,1486,1,1,1,1,1,1,1,1,1,0,1,1
2026-01-08,2026.01.07,1486,1,1,1,1,1,1,1,1,1,0,1,1
2026-01-09,2026.01.09,1486,1,1,1,1,1,1,1,1,1,0,1,1
2026-01-10,2026.01.09,1486,1,1,1,1,1,1,1,1,1,0,1,1
2026-01-11,2026.01.09,1486,1,1,1,1,1,1,1,1,1,0,1,1
2026-01-12,2026.01.12,1487,1,1,1,1,1,1,1,1,1,0,1,1
2026-01-13,2026.01.13,1488,1,1,1,1,1,1,1,1,1,0,1,1
2026-01-14,2026.01.13,1488,1,1,1,1,1,1,1,1,1,0,1,1
2026-01-15,2026.01.13,1488,1,1,1,1,1,1,1,1,1,0,1,1
2026-01-16,2026.01.13,1488,1,1,1,1,1,1,1,1,1,0,1,1
2026-01-17,2026.01.13,1488,1,1,1,1,1,1,1,1,1,0,1,1
2026-01-18,2026.01.13,1488,1,1,1,1,1,1,1,1,1,0,1,1
2026-01-19,2026.01.13,1488,1,1,1,1,1,1,1,1,1,0,1,1
2026-01-20,2026.01.13,1488,1,1,1,1,1,1,1,1,1,0,1,1
2026-01-21,2026.01.21,1489,1,1,1,1,1,1,1,1,1,0,1,1
2026-01-22,2026.01.22,1493,1,1,1,1,1,1,1,1,1,0,1,1
2026-01-23,2026.01.23,1494,1,1,1,1,1,1,1,1,1,0,1,1
2026-01-24,2026.01.23,1494,1,1,1,1,1,1,1,1,1,0,1,1
2026-01-25,2026.01.23,1494,1,1,1,1,1,1,1,1,1,0,1,1
2026-01-26,2026.01.26,1499,1,1,1,1,1,1,1,1,1,0,1,1
2026-01-27,2026.01.27,1500,1,1,1,1,1,1,1,1,1,0,1,1
2026-01-28,2026.01.27,1500,1,1,1,1,1,1,1,1,1,0,1,1
2026-01-29,2026.01.29,1501,1,1,1,1,1,1,1,1,1,0,1,1
2026-01-30,2026.01.29,1501,1,1,1,1,1,1,1,1,1,0,1,1
2026-01-31,2026.01.29,1501,1,1,1,1,1,1,1,1,1,0,1,1
2026-02-01,2026.01.29,1501,1,1,1,1,1,1,1,1,1,0,1,1
2026-02-02,2026.01.29,1501,1,1,1,1,1,1,1,1,1,0,1,1
2026-02-03,2026.02.03,1505,1,1,1,1,1,1,1,1,1,0,1,1
2026-02-04,2026.02.04,1505,1,1,1,1,1,1,1,1,1,0,1,1
2026-02-05,2026.02.05,1507,1,1,1,1,1,1,1,1,1,0,1,1
2026-02-06,2026.02.06,1507,1,1,1,1,1,1,1,1,1,0,1,1
2026-02-07,2026.02.06,1507,1,1,1,1,1,1,1,1,1,0,1,1
2026-02-08,2026.02.06,1507,1,1,1,1,1,1,1,1,1,0,1,1
2026-02-09,2026.02.06,1507,1,1,1,1,1,1,1,1,1,0,1,1
2026-02-10,2026.02.10,1513,1,1,1,1,1,1,1,1,1,0,1,1
2026-02-11,2026.02.11,1513,1,1,1,1,1,1,1,1,1,0,1,1
2026-02-12,2026.02.12,1517,1,1,1,1,1,1,1,1,1,0,1,1
2026-02-13,2026.02.12,1517,1,1,1,1,1,1,1,1,1,0,1,1
2026-02-14,2026.02.13,1518,1,1,1,1,1,1,1,1,1,0,1,1
2026-02-15,2026.02.13,1518,1,1,1,1,1,1,1,1,1,0,1,1
2026-02-16,2026.02.13,1518,1,1,1,1,1,1,1,1,1,0,1,1
2026-02-17,2026.02.17,1522,1,1,1,1,1,1,1,1,1,0,1,1
2026-02-18,2026.02.18,1524,1,1,1,1,1,1,1,1,1,0,1,1
2026-02-19,2026.02.19,1524,1,1,1,1,1,1,1,1,1,0,1,1
2026-02-20,2026.02.20,1526,1,1,1,1,1,1,1,1,1,0,1,1
2026-02-21,2026.02.20,1526,1,1,1,1,1,1,1,1,1,0,1,1
2026-02-22,2026.02.20,1526,1,1,1,1,1,1,1,1,1,0,1,1
2026-02-23,2026.02.20,1526,1,1,1,1,1,1,1,1,1,0,1,1
2026-02-24,2026.02.24,1527,1,1,1,1,1,1,1,1,1,0,1,1
2026-02-25,2026.02.25,1529,1,1,1,1,1,1,1,1,1,0,1,1
2026-02-26,2026.02.26,1529,1,1,1,1,1,1,1,1,1,0,1,1
2026-02-27,2026.02.26,1529,1,1,1,1,1,1,1,1,1,0,1,1
2026-02-28,2026.02.26,1529,1,1,1,1,1,1,1,1,1,0,1,1
2026-03-01,2026.02.26,1529,1,1,1,1,1,1,1,1,1,0,1,1
2026-03-02,2026.02.26,1529,1,1,1,1,1,1,1,1,1,0,1,1
2026-03-03,2026.03.03,1531,1,1,1,1,1,1,1,1,1,0,1,1
2026-03-04,2026.03.04,1531,1,1,1,1,1,1,1,1,1,0,1,1
2026-03-05,2026.03.05,1536,1,1,1,1,1,1,1,1,1,0,1,1
2026-03-06,2026.03.05,1536,1,1,1,1,1,1,1,1,1,0,1,1
2026-03-07,2026.03.05,1536,1,1,1,1,1,1,1,1,1,0,1,1
2026-03-08,2026.03.05,1536,1,1,1,1,1,1,1,1,1,0,1,1
2026-03-09,2026.03.09,1539,1,1,1,1,1,1,1,1,1,0,1,1
2026-03-10,2026.03.09,1539,1,1,1,1,1,1,1,1,1,0,1,1
2026-03-11,2026.03.11,1540,1,1,1,1,1,1,1,1,1,0,1,1
2026-03-12,2026.03.11,1540,1,1,1,1,1,1,1,1,1,0,1,1
2026-03-13,2026.03.13,1542,1,1,1,1,1,1,1,1,1,0,1,1
2026-03-14,2026.03.13,1542,1,1,1,1,1,1,1,1,1,0,1,1
2026-03-15,2026.03.13,1542,1,1,1,1,1,1,1,1,1,0,1,1
2026-03-16,2026.03.16,1543,1,1,1,1,1,1,1,1,1,0,1,1
2026-03-17,2026.03.16,1543,1,1,1,1,1,1,1,1,1,0,1,1
2026-03-18,2026.03.18,1545,1,1,1,1,1,1,1,1,1,0,1,1
2026-03-19,2026.03.19,1546,1,1,1,1,1,1,1,1,1,0,1,1
2026-03-20,2026.03.20,1551,1,1,1,1,1,1,1,1,1,0,1,1
2026-03-21,2026.03.20,1551,1,1,1,1,1,1,1,1,1,0,1,1
2026-03-22,2026.03.20,1551,1,1,1,1,1,1,1,1,1,0,1,1
2026-03-23,2026.03.20,1551,1,1,1,1,1,1,1,1,1,0,1,1
2026-03-24,2026.03.20,1551,1,1,1,1,1,1,1,1,1,0,1,1
2026-03-25,2026.03.25,1552,1,1,1,1,1,1,1,1,1,0,1,1
2026-03-26,2026.03.26,1553,1,1,1,1,1,1,1,1,1,0,1,1
2026-03-27,2026.03.27,1554,1,1,1,1,1,1,1,1,1,0,1,1
2026-03-28,2026.03.27,1554,1,1,1,1,1,1,1,1,1,0,1,1
2026-03-29,2026.03.27,1554,1,1,1,1,1,1,1,1,1,0,1,1
2026-03-30,2026.03.30,1555,1,1,1,1,1,1,1,1,1,0,1,1
2026-03-31,2026.03.30,1555,1,1,1,1,1,1,1,1,1,0,1,1
2026-04-01,2026.04.01,1556,1,1,1,1,1,1,1,1,1,0,1,1
2026-04-02,2026.04.02,1557,1,1,1,1,1,1,1,1,1,0,1,1
2026-04-03,2026.04.02,1557,1,1,1,1,1,1,1,1,1,0,1,1
2026-04-04,2026.04.02,1557,1,1,1,1,1,1,1,1,1,0,1,1
2026-04-05,2026.04.02,1557,1,1,1,1,1,1,1,1,1,0,1,1
2026-04-06,2026.04.06,1558,1,1,1,1,1,1,1,1,1,0,1,1
2026-04-07,2026.04.06,1558,1,1,1,1,1,1,1,1,1,0,1,1
2026-04-08,2026.04.08,1559,1,1,1,1,1,1,1,1,1,0,1,1
2026-04-09,2026.04.08,1559,1,1,1,1,1,1,1,1,1,0,1,1
2026-04-10,2026.04.08,1559,1,1,1,1,1,1,1,1,1,0,1,1
2026-04-11,2026.04.08,1559,1,1,1,1,1,1,1,1,1,0,1,1
2026-04-12,2026.04.08,1559,1,1,1,1,1,1,1,1,1,0,1,1
2026-04-13,2026.04.13,1566,1,1,1,1,1,1,1,1,1,0,1,1
2026-04-14,2026.04.14,1568,1,1,1,1,1,1,1,1,1,0,1,1
2026-04-15,2026.04.14,1568,1,1,1,1,1,1,1,1,1,0,1,1
2026-04-16,2026.04.16,1569,1,1,1,1,1,1,1,1,1,0,1,1
2026-04-17,2026.04.16,1569,1,1,1,1,1,1,1,1,1,0,1,1
2026-04-18,2026.04.16,1569,1,1,1,1,1,1,1,1,1,0,1,1
2026-04-19,2026.04.16,1569,1,1,1,1,1,1,1,1,1,0,1,1
2026-04-20,2026.04.20,1577,1,1,1,1,1,1,1,1,1,0,1,1
2026-04-21,2026.04.21,1577,1,1,1,1,1,1,1,1,1,0,1,1
2026-04-22,2026.04.22,1578,1,1,1,1,1,1,1,1,1,0,1,1
2026-04-23,2026.04.23,1579,1,1,1,1,1,1,1,1,1,0,1,1
2026-04-24,2026.04.24,1583,1,1,1,1,1,1,1,1,1,0,1,1
2026-04-25,2026.04.24,1583,1,1,1,1,1,1,1,1,1,0,1,1
2026-04-26,2026.04.24,1583,1,1,1,1,1,1,1,1,1,0,1,1
2026-04-27,2026.04.24,1583,1,1,1,1,1,1,1,1,1,0,1,1
2026-04-28,2026.04.28,1585,1,1,1,1,1,1,1,1,1,0,1,1
2026-04-29,2026.04.28,1585,1,1,1,1,1,1,1,1,1,0,1,1
2026-04-30,2026.04.30,1586,1,1,1,1,1,1,1,1,1,0,1,1
2026-05-01,2026.05.01,1587,1,1,1,1,1,1,1,1,1,0,1,1
2026-05-02,2026.05.01,1587,1,1,1,1,1,1,1,1,1,0,1,1
2026-05-03,2026.05.01,1587,1,1,1,1,1,1,1,1,1,0,1,1
2026-05-04,2026.05.04,1587,1,1,1,1,1,1,1,1,1,0,1,1
2026-05-05,2026.05.05,1587,1,1,1,1,1,1,1,1,1,0,1,1
2026-05-06,2026.05.06,1588,1,1,1,1,1,1,1,1,1,0,1,1
2026-05-07,2026.05.07,1589,1,1,1,1,1,1,1,1,1,0,1,1
2026-05-08,2026.05.08,1590,1,1,1,1,1,1,1,1,1,0,1,1
2026-05-09,2026.05.08,1590,1,1,1,1,1,1,1,1,1,0,1,1
2026-05-10,2026.05.08,1590,1,1,1,1,1,1,1,1,1,0,1,1
2026-05-11,2026.05.08,1590,1,1,1,1,1,1,1,1,1,0,1,1
2026-05-12,2026.05.08,1590,1,1,1,1,1,1,1,1,1,0,1,1
2026-05-13,2026.05.13,1590,1,1,1,1,1,1,1,1,1,0,1,1
2026-05-14,2026.05.14,1591,1,1,1,1,1,1,1,1,1,0,1,1
2026-05-15,2026.05.15,1592,1,1,1,1,1,1,1,1,1,0,1,1
2026-05-16,2026.05.15,1592,1,1,1,1,1,1,1,1,1,0,1,1
2026-05-17,2026.05.15,1592,1,1,1,1,1,1,1,1,1,0,1,1
2026-05-18,2026.05.15,1592,1,1,1,1,1,1,1,1,1,0,1,1
2026-05-19,2026.05.15,1592,1,1,1,1,1,1,1,1,1,0,1,1
2026-05-20,2026.05.20,1599,1,1,1,1,1,1,1,1,1,0,1,1
2026-05-21,2026.05.21,1601,1,1,1,1,1,1,1,1,1,0,1,1
2026-05-22,2026.05.22,1602,1,1,1,1,1,1,1,1,1,0,1,1
2026-05-23,2026.05.22,1602,1,1,1,1,1,1,1,1,1,0,1,1
2026-05-24,2026.05.22,1602,1,1,1,1,1,1,1,1,1,0,1,1
2026-05-25,2026.05.22,1602,1,1,1,1,1,1,1,1,1,0,1,1
2026-05-26,2026.05.26,1603,1,1,1,1,1,1,1,1,1,0,1,1
2026-05-27,2026.05.27,1606,1,1,1,1,1,1,1,1,1,0,1,1
2026-05-28,2026.05.28,1606,1,1,1,1,1,1,1,1,1,0,1,1
2026-05-29,2026.05.29,1607,1,1,1,1,1,1,1,1,1,0,1,1
2026-05-30,2026.05.29,1607,1,1,1,1,1,1,1,1,1,0,1,1
2026-05-31,2026.05.29,1607,1,1,1,1,1,1,1,1,1,0,1,1
2026-06-01,2026.06.01,1608,1,1,1,1,1,1,1,1,1,0,1,1
2026-06-03,2026.06.02,1610,1,1,1,1,1,1,1,1,1,0,1,1
2026-06-04,2026.06.03,1611,1,1,1,1,1,1,1,1,1,0,1,1
2026-06-05,2026.06.05,1612,1,1,1,1,1,1,1,1,1,0,1,1
2026-06-06,2026.06.05,1612,1,1,1,1,1,1,1,1,1,0,1,1
2026-06-07,2026.06.05,1612,1,1,1,1,1,1,1,1,1,0,1,1
2026-06-08,2026.06.08,1614,1,1,1,1,1,1,1,1,1,0,1,1
2026-06-09,2026.06.09,1617,1,1,1,1,1,1,1,1,1,0,1,1
2026-06-10,2026.06.09,1617,1,1,1,1,1,1,1,1,1,0,1,1
2026-06-12,2026.06.12,1619,1,1,1,1,1,1,1,1,1,0,1,1
2026-06-13,2026.06.12,1619,1,1,1,1,1,1,1,1,1,0,1,1
2026-06-14,2026.06.12,1619,1,1,1,1,1,1,1,1,1,0,1,1
2026-06-16,2026.06.16,1622,1,1,1,1,1,1,1,1,1,0,1,1
2026-06-17,2026.06.16,1622,1,1,1,1,1,1,1,1,1,0,1,1
2026-06-19,2026.06.18,1623,1,1,1,1,1,1,1,1,1,0,1,1
2026-06-20,2026.06.18,1623,1,1,1,1,1,1,1,1,1,0,1,1
2026-06-21,2026.06.18,1623,1,1,1,1,1,1,1,1,1,0,1,1
2026-06-22,2026.06.18,1623,1,1,1,1,1,1,1,1,1,0,1,1
2026-06-23,2026.06.23,1627,1,1,1,1,1,1,1,1,1,0,1,1
2026-06-24,2026.06.23,1627,1,1,1,1,1,1,1,1,1,0,1,1
2026-06-25,2026.06.25,1629,1,1,1,1,1,1,1,1,1,0,1,1
2026-06-26,2026.06.25,1629,1,1,1,1,1,1,1,1,1,0,1,1
2026-06-27,2026.06.25,1629,1,1,1,1,1,1,1,1,1,0,1,1
2026-06-28,2026.06.25,1629,1,1,1,1,1,1,1,1,1,0,1,1
2026-06-29,2026.06.29,1630,1,1,1,1,1,1,1,1,1,0,1,1
2026-06-30,2026.06.29,1630,1,1,1,1,1,1,1,1,1,0,1,1
2026-07-01,2026.07.01,1631,1,1,1,1,1,1,1,1,1,0,1,1
2026-07-03,2026.07.01,1631,1,1,1,1,1,1,1,1,1,0,1,1
2026-07-04,2026.07.01,1631,1,1,1,1,1,1,1,1,1,0,1,1
2026-07-05,2026.07.01,1631,1,1,1,1,1,1,1,1,1,0,1,1
2026-07-06,2026.07.01,1631,1,1,1,1,1,1,1,1,1,0,1,1
2026-07-07,2026.07.01,1631,1,1,1,1,1,1,1,1,1,0,1,1
2026-07-08,2026.07.07,1635,1,1,1,1,1,1,1,1,1,0,1,1
2026-07-09,2026.07.07,1635,1,1,1,1,1,1,1,1,1,0,1,1
2026-07-10,2026.07.07,1635,1,1,1,1,1,1,1,1,1,0,1,1
2026-07-11,2026.07.10,1637,1,1,1,1,1,1,1,1,1,0,1,1
2026-07-12,2026.07.10,1637,1,1,1,1,1,1,1,1,1,0,1,1
2026-07-13,2026.07.10,1637,1,1,1,1,1,1,1,1,1,0,1,1
2026-07-14,2026.07.13,1638,1,1,1,1,1,1,1,1,1,0,1,1
2026-07-15,2026.07.14,1642,1,1,1,1,1,1,1,1,1,0,1,1
2026-07-16,2026.07.15,1644,1,1,1,1,1,1,1,1,1,0,1,1
2026-07-17,2026.07.16,1647,1,1,1,1,1,1,1,1,1,0,1,1
2026-07-18,2026.07.16,1647,1,1,1,1,1,1,1,1,1,0,1,1
2026-07-19,2026.07.16,1647,1,1,1,1,1,1,1,1,1,0,1,1
2026-07-20,2026.07.16,1647,1,1,1,1,1,1,1,1,1,0,1,1
2026-07-21,2026.07.16,1647,1,1,1,1,1,1,1,1,1,0,1,1
2026-07-22,2026.07.21,1651,1,1,1,1,1,1,1,1,1,0,1,1
2026-07-23,2026.07.22,1653,1,1,1,1,1,1,1,1,1,0,1,1
2026-07-24,2026.07.23,1653,1,1,1,1,1,1,1,1,1,0,1,1
2026-07-25,2026.07.24,1653,1,1,1,1,1,1,1,1,1,0,1,1
2026-07-26,2026.07.24,1653,1,1,1,1,1,1,1,1,1,0,1,1
2026-07-27,2026.07.24,1653,1,1,1,1,1,1,1,1,1,0,1,1
2026-07-28,2026.07.27,1655,1,1,1,1,1,1,1,1,1,0,1,1
2026-07-29,2026.07.27,1655,1,1,1,1,1,1,1,1,1,0,1,1
2026-07-30,2026.07.29,1656,1,1,1,1,1,1,1,1,1,0,1,1
2026-07-31,2026.07.29,1656,1,1,1,1,1,1,1,1,1,0,1,1
2026-08-01,2026.07.29,1656,1,1,1,1,1,1,1,1,1,0,1,1
2026-08-02,2026.07.29,1656,1,1,1,1,1,1,1,1,1,0,1,1
2026-08-03,2026.07.29,1656,1,1,1,1,1,1,1,1,1,0,1,1
2026-08-04,2026.08.03,1657,1,1,1,1,1,1,1,1,1,0,1,1
2026-08-05,2026.08.04,1660,1,1,1,1,1,1,1,1,1,0,1,1
2026-08-06,2026.08.05,1661,1,1,1,1,1,1,1,1,1,0,1,1
2026-08-07,2026.08.07,1662,1,1,1,1,1,1,1,1,1,0,1,1
2026-08-08,2026.08.07,1662,1,1,1,1,1,1,1,1,1,0,1,1
2026-08-09,2026.08.07,1662,1,1,1,1,1,1,1,1,1,0,1,1
2026-08-10,2026.08.10,1662,1,1,1,1,1,1,1,1,1,0,1,1
2026-08-12,2026.08.11,1665,1,1,1,1,1,1,1,1,1,0,1,1
2026-08-13,2026.08.11,1665,1,1,1,1,1,1,1,1,1,0,1,1
2026-08-14,2026.08.14,1665,1,1,1,1,1,1,1,1,1,0,1,1
2026-08-15,2026.08.14,1665,1,1,1,1,1,1,1,1,1,0,1,1
2026-08-16,2026.08.14,1665,1,1,1,1,1,1,1,1,1,0,1,1
2026-08-17,2026.08.17,1666,1,1,1,1,1,1,1,1,1,0,1,1
2026-08-18,2026.08.18,1670,1,1,1,1,1,1,1,1,1,0,1,1
2026-08-19,2026.08.19,1671,1,1,1,1,1,1,1,1,1,0,1,1
2026-08-20,2026.08.20,1673,1,1,1,1,1,1,1,1,1,0,1,1
2026-08-21,2026.08.21,1674,1,1,1,1,1,1,1,1,1,0,1,1
2026-08-22,2026.08.21,1674,1,1,1,1,1,1,1,1,1,0,1,1
2026-08-23,2026.08.21,1674,1,1,1,1,1,1,1,1,1,0,1,1
2026-08-24,2026.08.24,1675,1,1,1,1,1,1,1,1,1,0,1,1
2026-08-25,2026.08.25,1676,1,1,1,1,1,1,1,1,1,0,1,1
2026-08-27,2026.08.26,1682,1,1,1,1,1,1,1,1,1,0,1,1
2026-08-28,2026.08.27,1685,1,1,1,1,1,1,1,1,1,0,1,1
2026-08-29,2026.08.27,1685,1,1,1,1,1,1,1,1,1,0,1,1
2026-08-30,2026.08.27,1685,1,1,1,1,1,1,1,1,1,0,1,1
2026-08-31,2026.08.27,1685,1,1,1,1,1,1,1,1,1,0,1,1
2026-09-01,2026.08.31,1687,1,1,1,1,1,1,1,1,1,0,1,1
2026-09-02,2026.09.01,1687,1,1,1,1,1,1,1,1,1,1,1,1
2026-09-03,2026.09.02,1694,1,1,1,1,1,1,1,1,1,1,1,1
2026-09-04,2026.09.02,1694,1,1,1,1,1,1,1,1,1,1,1,1
2026-09-05,2026.09.04,1695,1,1,1,1,1,1,1,1,1,1,1,1
2026-09-06,2026.09.04,1695,1,1,1,1,1,1,1,1,1,1,1,1
2026-09-07,2026.09.04,1695,1,1,1,1,1,1,1,1,1,1,1,1
2026-09-08,2026.09.04,1695,1,1,1,1,1,1,1,1,1,1,1,1
2026-09-09,2026.09.08,1699,1,1,1,1,1,1,1,1,1,1,1,1
2026-09-10,2026.09.09,1703,1,1,1,1,1,1,1,1,1,1,1,1
